generation,phase,lead_best_fitness,lead_avg_fitness,follow_best_fitness,follow_avg_fitness,lead_n_species,follow_n_species,lead_n_connections_best,follow_n_connections_best,elapsed_sec
0,0,0.642394,0.642394,0.300223,0.300223,0,0,0,0,0.86
1,0,0.642394,0.642394,0.427302,0.308422,1,1,0,1,0.89
2,0,0.642394,0.642394,0.428493,0.341252,1,1,0,2,1.00
3,0,0.642394,0.642394,0.428493,0.389332,15,27,0,2,1.14
4,0,0.642394,0.642394,0.428493,0.413655,26,29,0,2,1.07
5,0,0.642394,0.642394,0.428493,0.422100,39,31,0,2,1.07
6,0,0.642394,0.642394,0.428493,0.424748,45,32,0,2,1.20
7,0,0.642394,0.642394,0.431645,0.426826,72,27,0,5,1.13
8,0,0.642394,0.642394,0.431645,0.427104,93,23,0,5,1.17
9,0,0.642394,0.642394,0.431645,0.426902,104,22,0,5,1.24
10,0,0.642394,0.642394,0.443272,0.427477,136,19,0,7,1.25
11,0,0.642394,0.642394,0.443272,0.427906,147,21,0,7,1.33
12,0,0.642394,0.642394,0.443272,0.428940,164,24,0,7,1.38
13,0,0.642394,0.641857,0.443272,0.429728,193,27,0,7,1.56
14,0,0.642394,0.642392,0.443272,0.430927,202,27,0,7,1.62
15,0,0.642394,0.642390,0.443587,0.432169,227,31,0,6,1.76
16,0,0.642394,0.642390,0.443587,0.433604,236,36,0,6,1.84
17,0,0.642394,0.642390,0.447439,0.435748,246,33,0,9,1.91
18,0,0.642394,0.642390,0.465253,0.438457,256,32,0,8,1.91
19,0,0.642394,0.642390,0.465253,0.440562,271,31,0,8,1.94
20,0,0.642394,0.642390,0.465907,0.442201,283,37,0,8,2.01
21,0,0.642394,0.642390,0.465907,0.443150,286,38,0,7,1.96
22,0,0.642394,0.642390,0.465907,0.443709,284,41,0,7,1.97
23,0,0.642394,0.642390,0.465907,0.444366,290,48,0,7,2.00
24,0,0.642394,0.642390,0.465907,0.445243,294,51,0,7,2.02
25,0,0.642394,0.642390,0.465907,0.447283,302,52,0,7,2.01
26,0,0.642394,0.642390,0.465907,0.452264,303,64,0,7,2.08
27,0,0.642394,0.642390,0.465907,0.457003,311,72,0,7,2.11
28,0,0.642394,0.642390,0.466012,0.460424,313,68,0,11,2.14
29,0,0.642394,0.642390,0.466012,0.461318,311,75,0,11,2.23
30,0,0.642394,0.642390,0.466012,0.460988,323,75,0,11,2.19
31,0,0.642394,0.642390,0.466012,0.459548,319,85,0,11,2.20
32,0,0.642394,0.642390,0.470670,0.460956,323,97,0,11,2.19
33,0,0.642394,0.642390,0.470670,0.461386,322,110,0,11,2.26
34,0,0.642394,0.642390,0.470670,0.460472,326,120,0,11,2.23
35,0,0.642394,0.642390,0.470670,0.461427,323,136,0,11,2.47
36,0,0.642394,0.642390,0.470787,0.462936,324,149,0,13,2.55
37,0,0.642394,0.642390,0.470787,0.464161,324,149,0,13,2.65
38,0,0.642394,0.642390,0.470787,0.464696,328,154,0,13,2.74
39,0,0.642394,0.642390,0.470787,0.465222,326,135,0,13,2.85
40,0,0.642394,0.642390,0.470787,0.466658,326,106,0,13,2.92
41,0,0.642394,0.642390,0.470915,0.468503,326,73,5,16,3.04
42,0,0.642394,0.642390,0.470915,0.468120,326,59,5,16,3.22
43,0,0.642394,0.642343,0.470915,0.467936,314,53,2,16,3.42
44,0,0.642394,0.642309,0.470915,0.467112,307,64,4,16,3.56
45,0,0.642394,0.642279,0.470938,0.465850,301,75,2,17,3.56
46,0,0.642394,0.642258,0.470938,0.467263,296,88,6,17,3.54
47,0,0.642394,0.642151,0.470938,0.468767,271,89,2,17,3.38
48,0,0.642533,0.642037,0.470962,0.469389,252,80,14,20,3.49
49,0,0.642533,0.641965,0.470973,0.469364,235,72,14,21,3.72
50,0,0.642533,0.642001,0.470973,0.469213,218,69,14,21,4.15
51,0,0.642533,0.642055,0.470973,0.469104,204,72,14,21,3.96
52,0,0.642533,0.642284,0.470973,0.469225,176,76,14,21,4.07
53,0,0.642533,0.642456,0.470973,0.468580,172,71,14,21,4.28
54,0,0.642533,0.642469,0.470973,0.468777,130,70,14,21,4.29
55,0,0.642533,0.642478,0.470973,0.468964,105,69,14,21,4.40
56,0,0.642533,0.642462,0.470973,0.468407,114,68,14,21,4.59
57,0,0.642533,0.642432,0.470973,0.469226,135,64,14,21,4.59
58,0,0.642533,0.642217,0.470973,0.469232,151,74,14,21,4.61
59,0,0.642533,0.642361,0.470973,0.468265,169,79,14,21,4.38
60,0,0.642533,0.642242,0.470973,0.468303,192,90,14,21,4.22
61,0,0.642533,0.642299,0.470973,0.467630,225,110,14,21,4.32
62,0,0.642533,0.642317,0.470973,0.467956,222,127,14,21,4.28
63,0,0.642533,0.642314,0.470973,0.468332,249,147,14,21,4.31
64,0,0.642533,0.642310,0.470973,0.468304,253,150,14,21,4.31
65,0,0.642533,0.642323,0.470973,0.468124,263,162,14,21,4.36
66,0,0.642533,0.642287,0.485169,0.469258,280,180,14,25,4.43
67,0,0.642533,0.642321,0.485169,0.468803,292,190,14,25,4.41
68,0,0.642533,0.642326,0.485169,0.468369,296,204,14,25,4.39
69,0,0.642533,0.642422,0.485169,0.469210,300,212,14,25,4.44
70,0,0.642533,0.642421,0.486056,0.469224,318,212,14,27,4.42
71,0,0.642533,0.642418,0.486313,0.470215,322,197,14,25,4.78
72,0,0.642533,0.642419,0.486313,0.471781,321,178,14,25,4.53
73,0,0.642533,0.642416,0.486313,0.472896,317,145,14,25,4.58
74,0,0.642533,0.642411,0.486383,0.474148,319,128,14,27,4.59
75,0,0.642533,0.642333,0.486383,0.475935,322,114,14,27,4.62
76,0,0.642533,0.642338,0.486383,0.477914,323,128,14,27,4.65
77,0,0.642533,0.642336,0.486383,0.479219,325,128,14,28,4.78
78,0,0.642533,0.642332,0.486383,0.482366,324,117,14,28,4.85
79,0,0.642533,0.642336,0.486383,0.485392,325,99,14,28,4.94
80,0,0.642533,0.642337,0.486383,0.485105,329,83,14,28,4.92
81,0,0.642533,0.642335,0.489044,0.485275,329,92,14,31,5.03
82,0,0.642533,0.642335,0.489044,0.484841,331,97,14,31,5.09
83,0,0.642533,0.642336,0.489044,0.484329,328,88,14,30,5.11
84,0,0.642533,0.642338,0.489219,0.483646,330,102,14,31,5.19
85,0,0.642533,0.642333,0.498173,0.485274,331,112,14,31,5.34
86,0,0.642533,0.642338,0.498173,0.486157,332,114,14,31,5.26
87,0,0.642533,0.642338,0.498173,0.487501,331,118,14,31,5.29
88,0,0.642533,0.642338,0.498313,0.489718,332,108,14,34,5.74
89,0,0.642533,0.642289,0.498372,0.492198,332,113,16,30,5.89
90,0,0.642533,0.642289,0.498372,0.495088,332,122,16,30,5.60
91,0,0.642533,0.641997,0.498372,0.496884,330,122,16,30,5.81
92,0,0.642533,0.641130,0.498372,0.496526,324,130,16,30,5.95
93,0,0.642533,0.638616,0.498372,0.496770,308,141,17,30,6.38
94,0,0.642533,0.635215,0.498372,0.496564,283,145,18,30,5.89
95,0,0.642533,0.633261,0.498372,0.496720,258,134,17,30,5.94
96,0,0.642533,0.633241,0.498372,0.496790,240,132,17,30,5.93
97,0,0.642533,0.632972,0.498372,0.496743,221,138,17,30,5.92
98,0,0.642533,0.634112,0.498372,0.496656,214,132,17,30,5.85
99,0,0.642533,0.635787,0.498407,0.495265,216,139,20,32,5.89
100,0,0.642533,0.637153,0.498407,0.496906,210,135,20,32,5.82
101,0,0.642533,0.637935,0.498407,0.495310,200,131,20,32,5.92
102,0,0.642533,0.637029,0.498407,0.495350,203,146,20,32,6.19
103,0,0.642533,0.635382,0.498407,0.496607,170,150,20,32,5.92
104,0,0.642533,0.634851,0.498418,0.496967,160,155,17,35,6.01
105,0,0.642533,0.634734,0.498418,0.497052,154,152,17,35,5.96
106,0,0.642533,0.634827,0.498418,0.496494,152,147,17,35,6.05
107,0,0.642533,0.638028,0.498418,0.497163,149,142,17,35,6.00
108,0,0.642533,0.637766,0.498418,0.497356,162,146,17,37,6.10
109,0,0.642533,0.638336,0.498418,0.497127,147,158,17,37,6.18
110,0,0.642533,0.638084,0.498418,0.495818,145,156,17,37,5.37
111,0,0.642533,0.639016,0.498418,0.494809,150,154,17,37,5.49
112,0,0.642533,0.640958,0.498477,0.493937,144,164,17,37,5.57
113,0,0.642533,0.641911,0.498477,0.492591,160,146,17,37,5.68
114,0,0.642533,0.642060,0.498477,0.494082,170,129,17,37,5.90
115,0,0.642533,0.641911,0.498477,0.497208,155,130,17,37,5.73
116,0,0.642533,0.641823,0.498477,0.496423,155,142,17,39,5.75
117,0,0.642533,0.642118,0.498477,0.496672,168,140,17,39,5.82
118,0,0.642533,0.641972,0.498512,0.496576,167,138,17,40,5.84
119,0,0.642533,0.642013,0.498512,0.496084,180,135,17,40,5.92
120,0,0.642533,0.641906,0.498512,0.496020,171,119,18,40,5.81
121,0,0.642533,0.642140,0.498512,0.496070,200,128,18,40,5.93
122,0,0.642533,0.642021,0.498512,0.496507,187,134,16,41,6.04
123,0,0.642533,0.641998,0.498512,0.497334,211,128,16,41,6.00
124,0,0.642533,0.642227,0.498512,0.497114,201,133,16,41,6.03
125,0,0.642533,0.641960,0.498512,0.496712,204,133,16,41,6.03
126,0,0.642533,0.642089,0.498512,0.496407,194,139,16,41,6.05
127,0,0.642533,0.641904,0.498512,0.496668,187,139,16,40,6.08
128,0,0.642533,0.641999,0.498512,0.496416,211,137,14,42,6.21
129,0,0.642533,0.641815,0.498512,0.496114,206,134,23,42,6.11
130,0,0.642533,0.642062,0.498570,0.496471,186,144,23,43,6.04
131,0,0.642533,0.641611,0.498570,0.496920,178,154,23,43,6.24
132,0,0.642533,0.641556,0.498570,0.496549,167,160,23,43,6.24
133,0,0.642533,0.641690,0.520563,0.497055,162,155,23,42,6.43
134,0,0.642533,0.641789,0.520563,0.497068,165,163,23,42,6.24
135,0,0.642533,0.641638,0.520563,0.497239,181,167,24,42,6.26
136,0,0.642533,0.640527,0.533638,0.498010,178,166,24,43,6.30
137,0,0.642533,0.639380,0.533638,0.500450,174,169,24,43,6.29
138,0,0.642533,0.640941,0.538471,0.503097,183,170,24,44,6.28
139,0,0.642533,0.640112,0.538471,0.505835,184,163,24,44,6.35
140,0,0.642533,0.640598,0.538471,0.513861,187,169,25,44,6.24
141,0,0.642533,0.641054,0.538471,0.513913,179,154,25,44,6.38
142,0,0.642533,0.641132,0.538564,0.515114,191,154,25,44,6.32
143,0,0.642533,0.641234,0.538564,0.517091,196,163,25,44,6.37
144,0,0.642533,0.641277,0.538564,0.524681,190,167,25,44,6.40
145,0,0.642533,0.641184,0.538564,0.526550,202,174,25,43,6.39
146,0,0.642533,0.641181,0.538564,0.533153,210,172,25,43,6.40
147,0,0.642533,0.640360,0.538576,0.535132,234,155,25,46,6.46
148,0,0.642533,0.640823,0.538634,0.535610,238,161,25,44,6.43
149,0,0.642533,0.633407,0.538634,0.535686,237,150,26,43,6.48
150,0,0.642533,0.640773,0.538634,0.536372,262,150,26,42,6.32
151,0,0.642533,0.641266,0.538634,0.536457,266,148,26,42,6.65
152,0,0.642533,0.641251,0.538646,0.536205,271,153,25,45,6.47
153,0,0.642533,0.641204,0.538646,0.536682,271,152,25,45,6.49
154,0,0.642533,0.641206,0.538646,0.537036,277,153,25,45,6.42
155,0,0.642533,0.641203,0.538646,0.536169,276,143,17,45,6.50
156,0,0.642533,0.641252,0.538646,0.535549,279,141,17,48,6.48
157,0,0.642533,0.631102,0.538646,0.535828,266,150,17,48,6.50
158,0,0.642533,0.637312,0.538646,0.535721,267,154,17,47,6.53
159,0,0.642533,0.640737,0.538646,0.535163,263,153,17,49,6.57
160,0,0.642533,0.641253,0.538646,0.535245,263,135,17,49,6.59
161,0,0.642533,0.641155,0.538657,0.533880,254,138,17,50,6.65
162,0,0.642533,0.641157,0.538657,0.534363,247,141,17,50,6.75
163,0,0.642533,0.641253,0.538657,0.533616,241,145,17,50,6.78
164,0,0.642533,0.641228,0.538657,0.536038,242,156,17,50,6.83
165,0,0.642533,0.641153,0.538657,0.534646,223,148,20,49,6.86
166,0,0.642533,0.641205,0.538657,0.536272,237,151,20,51,6.85
167,0,0.642533,0.640982,0.538657,0.535983,220,148,20,50,6.93
168,0,0.642533,0.641203,0.538716,0.536011,233,141,20,55,6.89
169,0,0.642533,0.641157,0.538716,0.536239,230,133,20,55,7.10
170,0,0.642533,0.641236,0.538716,0.536179,222,131,20,55,6.89
171,0,0.642533,0.641230,0.538716,0.535194,213,130,20,55,7.09
172,0,0.642533,0.640942,0.538716,0.535590,219,125,20,55,7.13
173,0,0.642533,0.641282,0.538716,0.535393,233,116,20,55,7.06
174,0,0.642533,0.640831,0.538716,0.535295,237,120,20,56,7.13
175,0,0.642533,0.641171,0.538716,0.536284,229,128,20,56,7.17
176,0,0.642533,0.641208,0.538716,0.537467,226,130,20,56,7.15
177,0,0.642533,0.641254,0.538716,0.536982,220,125,20,56,7.26
178,0,0.642533,0.641209,0.538716,0.536693,201,123,20,56,7.24
179,0,0.642533,0.641265,0.538716,0.536714,195,124,20,56,7.20
180,0,0.642533,0.642429,0.538716,0.536385,167,124,20,56,7.08
181,0,0.642533,0.642447,0.538716,0.536396,169,123,20,56,7.21
182,0,0.642533,0.641882,0.538716,0.536578,156,127,20,56,7.20
183,0,0.642533,0.642020,0.538716,0.536626,175,125,20,56,7.29
184,0,0.642533,0.642341,0.538716,0.536868,161,126,18,56,7.16
185,0,0.642533,0.641518,0.538727,0.537369,161,126,18,56,7.39
186,0,0.642533,0.642468,0.538727,0.537402,131,131,18,56,7.23
187,0,0.642533,0.642051,0.538727,0.536998,116,122,18,56,7.32
188,0,0.642533,0.641422,0.538739,0.537260,100,120,18,58,7.44
189,0,0.642533,0.640586,0.538751,0.537478,100,107,18,57,7.46
190,0,0.642533,0.641435,0.538751,0.536821,94,106,18,57,7.71
191,0,0.642533,0.641781,0.538762,0.537256,98,68,18,57,7.76
192,0,0.642533,0.641978,0.538762,0.536669,89,39,19,57,7.74
193,0,0.642533,0.642223,0.538762,0.536814,91,47,17,57,7.74
194,0,0.642533,0.642279,0.538762,0.536929,95,42,18,57,7.77
195,0,0.642533,0.642243,0.538762,0.537483,90,43,19,57,7.74
196,0,0.642533,0.642472,0.538762,0.537219,90,48,19,56,7.78
197,0,0.642533,0.642474,0.538774,0.537524,90,55,18,58,7.74
198,0,0.642533,0.641555,0.538774,0.537720,84,59,21,58,7.75
199,0,0.642533,0.641885,0.538774,0.537563,118,61,21,58,7.98
200,1,-5.986328,-8.178314,-4.357422,-6.953326,135,57,27,57,3.36
201,1,-6.689453,-7.964916,-2.076172,-5.237525,149,64,24,58,3.01
202,1,-1.343750,-2.264506,-6.275391,-9.019211,163,95,26,61,2.49
203,1,-2.605469,-3.776361,-1.984375,-5.151316,167,125,24,60,1.96
204,1,-2.025391,-2.980564,-2.308594,-6.063146,191,145,26,57,2.51
205,1,-4.175781,-5.097082,-0.875000,-4.016975,203,153,26,58,3.07
206,1,-2.246094,-3.074006,-0.359375,-3.252229,214,162,24,57,2.49
207,1,-1.386719,-3.277713,-4.515625,-8.920514,224,196,26,61,4.14
208,1,-3.531250,-7.095973,-1.533203,-4.540135,225,214,24,61,4.03
209,1,-2.402344,-3.420092,-2.156250,-5.293477,241,232,27,61,2.54
210,1,-2.613281,-3.512969,2.007812,-1.198109,230,243,26,62,3.51
211,1,1.328125,0.243396,0.130859,-1.829684,234,255,26,62,3.48
212,1,-1.062500,-3.894500,-1.789062,-3.756014,247,247,27,59,4.15
213,1,-1.095703,-2.983189,-1.675781,-3.170908,248,246,27,61,3.18
214,1,0.466797,-0.262395,-0.822266,-3.250396,249,245,25,60,3.55
215,1,0.117188,-2.259518,-0.953125,-2.071143,246,236,25,64,3.14
216,1,0.800781,-1.861227,0.062500,-1.388031,246,240,25,65,2.99
217,1,-0.173828,-1.256072,0.041016,-1.061924,255,240,30,61,3.16
218,1,-0.519531,-2.085926,-1.259766,-2.721111,269,238,26,65,4.18
219,1,0.017578,-1.149959,-1.408203,-3.310809,250,250,26,62,2.56
220,1,0.546875,-0.780555,-0.863281,-2.340348,261,251,28,63,2.41
221,1,-1.228516,-2.187725,0.886719,-0.329391,244,232,28,59,2.62
222,1,-1.521484,-3.568164,-0.695312,-2.502520,246,243,27,62,4.17
223,1,-1.318359,-2.267996,0.349609,-0.786764,245,253,31,64,3.68
224,1,0.128906,-1.238176,-0.673828,-2.110584,239,246,29,67,3.66
225,1,-0.066406,-1.167930,-0.380859,-1.811898,238,243,29,63,2.76
226,1,-0.656250,-1.486742,-0.322266,-1.277340,226,226,30,63,2.57
227,1,1.125000,0.057195,-0.578125,-1.478207,216,235,27,67,2.57
228,1,-0.958984,-1.512100,-1.353516,-2.654197,218,217,26,68,4.26
229,1,0.025391,-0.791400,0.628906,-0.540293,201,217,28,69,4.17
230,1,-1.236328,-1.838088,-2.250000,-3.724479,224,215,28,68,3.03
231,1,0.416016,-0.153434,-0.726562,-1.587143,223,211,31,68,2.60
232,1,-0.919922,-2.272883,0.660156,0.126572,219,211,32,71,3.16
233,1,0.349609,-0.111674,-0.720703,-1.759457,208,212,29,65,2.05
234,1,0.400391,-0.023883,-0.105469,-0.776711,221,210,33,67,2.08
235,1,-0.646484,-1.065357,0.046875,-0.731145,209,222,32,70,2.12
236,1,-0.447266,-1.186297,-0.148438,-0.861010,209,236,27,60,3.30
237,1,-0.058594,-0.550182,0.382812,-0.916385,195,228,26,66,3.79
238,1,0.265625,-0.282574,-0.792969,-1.393621,213,235,29,62,2.14
239,1,-0.310547,-0.820768,0.714844,-0.124920,213,242,25,70,3.84
240,1,0.607422,-0.483951,-1.003906,-1.650244,219,236,29,70,3.18
241,1,-0.107422,-0.482984,-1.943359,-2.896824,225,239,28,65,3.22
242,1,0.328125,0.066170,-0.414062,-0.974641,236,243,28,67,1.48
243,1,-0.580078,-1.042359,-2.892578,-3.909217,242,254,28,69,3.72
244,1,0.046875,-0.364807,-0.294922,-1.212459,243,251,26,73,2.89
245,1,0.607422,0.238604,-0.185547,-0.903928,242,253,26,69,2.67
246,1,-0.458984,-0.910111,-0.431641,-1.151518,243,257,32,63,2.75
247,1,-0.312500,-1.062566,-1.222656,-2.121646,243,247,27,67,3.48
248,1,-0.328125,-1.307400,-0.591797,-1.621154,239,241,28,68,2.69
249,1,-0.441406,-1.197969,-1.859375,-2.799314,243,243,27,69,3.29
250,1,-0.994141,-1.404320,-1.826172,-2.568070,254,228,29,61,2.60
251,1,-1.175781,-2.144559,-0.376953,-0.820984,261,224,27,65,2.62
252,1,-0.714844,-1.147328,-1.525391,-2.317299,260,219,27,66,2.75
253,1,0.207031,-0.324803,-1.156250,-1.895504,259,216,28,64,3.26
254,1,1.482422,1.122525,0.142578,-0.615977,264,211,26,63,2.64
255,1,-0.923828,-1.357955,-0.494141,-1.000400,264,198,27,66,3.34
256,1,-0.128906,-0.976654,-0.023438,-0.696877,266,225,27,60,2.66
257,1,0.685547,0.343104,1.365234,0.716150,268,229,27,70,2.03
258,1,-0.052734,-0.647773,-1.275391,-1.858477,274,231,26,61,1.52
259,1,-0.544922,-0.986330,-0.138672,-0.833635,274,230,26,64,3.02
260,1,0.025391,-0.298930,-0.218750,-1.459510,288,218,26,64,2.57
261,1,-0.958984,-1.272510,-0.785156,-1.524859,285,221,27,61,2.11
262,1,-0.611328,-0.997236,-1.207031,-1.833879,288,218,25,62,3.83
263,1,0.523438,0.274949,-0.191406,-0.930850,280,225,25,64,2.93
264,1,-0.996094,-1.355762,-0.050781,-0.802193,278,217,29,64,2.92
265,1,-0.242188,-0.807623,-0.677734,-1.544066,282,224,27,62,4.49
266,1,0.484375,0.099461,0.113281,-0.775574,289,219,27,59,3.94
267,1,-0.128906,-0.726055,-0.158203,-1.088578,295,235,27,66,4.59
268,1,0.099609,-0.404867,-0.775391,-1.958467,292,235,33,64,3.34
269,1,-0.908203,-1.415121,-1.076172,-1.970465,298,234,29,60,4.04
270,1,-0.662109,-0.990395,-0.179688,-1.213873,294,251,27,64,3.42
271,1,-0.062500,-0.364926,-0.740234,-1.319922,285,246,29,69,2.78
272,1,-1.861328,-2.304668,0.173828,-0.662797,286,238,25,60,4.11
273,1,-0.738281,-0.900434,-0.906250,-1.320377,290,251,26,60,3.03
274,1,-0.132812,-0.486637,-0.316406,-0.944930,301,245,29,59,2.85
275,1,-0.863281,-2.792529,0.160156,-0.389814,300,243,28,59,2.71
276,1,-1.359375,-1.818359,-0.990234,-1.857201,292,240,28,63,3.70
277,1,-1.742188,-2.306242,-0.859375,-1.779088,295,239,33,63,2.73
278,1,-0.285156,-0.771715,-0.132812,-0.706023,288,237,26,62,2.74
279,1,-1.126953,-1.715352,-0.826172,-1.432699,287,243,33,69,3.52
280,1,-0.244141,-1.118166,-0.490234,-1.050465,286,239,27,67,3.51
281,1,-0.654297,-1.188279,-1.712891,-2.495682,287,242,25,58,3.22
282,1,0.205078,-0.782246,-0.513672,-1.471354,274,245,24,69,3.20
283,1,-0.371094,-0.805252,-0.820312,-1.855879,271,245,25,69,2.68
284,1,0.541016,-0.116131,-0.240234,-0.771887,270,233,28,59,2.02
285,1,-1.673828,-2.229260,-0.554688,-1.246350,259,239,28,58,3.83
286,1,0.437500,0.120664,-0.623047,-1.242703,283,247,28,58,3.17
287,1,-0.011719,-0.382920,-0.853516,-1.444117,282,243,27,58,3.60
288,1,0.316406,-0.061535,-0.705078,-1.331908,269,247,27,61,2.01
289,1,-1.408203,-2.319965,-0.269531,-0.692355,270,256,32,57,2.07
290,1,-1.072266,-1.499295,1.039062,0.600912,271,266,27,56,2.46
291,1,-0.439453,-0.807939,-1.097656,-1.975238,281,271,28,56,2.68
292,1,0.148438,-0.099586,-0.283203,-0.624742,274,270,34,59,1.98
293,1,-0.144531,-0.533127,-1.476562,-2.212270,278,271,27,60,3.10
294,1,-1.617188,-2.026189,-0.904297,-1.843236,282,281,29,58,3.20
295,1,-0.656250,-1.039412,-0.958984,-1.446178,142,272,25,55,3.15
296,1,-0.025391,-0.464895,-0.544922,-1.013096,213,270,24,60,3.13
297,1,0.611328,-0.053533,-0.968750,-1.532096,221,282,27,58,2.01
298,1,0.496094,0.098236,0.269531,-0.317621,193,225,25,59,1.38
299,1,-0.181641,-0.852418,-1.187500,-2.095885,209,259,28,60,2.54
300,1,0.119141,-0.081268,0.367188,-0.186719,236,256,25,56,1.93
301,1,-2.365234,-2.796889,1.021484,0.584680,222,262,26,57,3.70
302,1,0.554688,0.177939,-0.929688,-1.267697,228,273,27,57,1.48
303,1,-0.273438,-0.911508,-1.701172,-2.653768,235,273,27,59,3.21
304,1,-0.128906,-0.881865,-0.832031,-1.141674,245,274,23,60,2.11
305,1,-0.570312,-1.029732,-0.255859,-0.633676,266,272,28,55,3.25
306,1,-1.394531,-1.695650,0.439453,0.004293,253,289,27,57,3.29
307,1,-1.046875,-1.532020,-0.777344,-1.418578,264,283,26,57,3.70
308,1,-0.244141,-0.580662,-0.410156,-0.969703,261,296,27,61,3.71
309,1,-0.806641,-1.144379,-0.556641,-0.801670,272,296,26,58,2.53
310,1,-0.593750,-1.093156,-0.470703,-1.236254,273,292,26,61,3.47
311,1,-1.347656,-1.721322,-1.087891,-1.390516,270,289,26,60,4.06
312,1,-0.755859,-1.227322,-0.560547,-0.985768,281,293,29,58,1.63
313,1,-0.832031,-1.969873,-0.332031,-0.740092,291,286,26,59,2.92
314,1,0.433594,0.182234,-0.496094,-0.924465,286,294,27,57,2.40
315,1,-0.742188,-1.223729,-0.744141,-1.029139,293,292,27,58,2.98
316,1,-1.193359,-1.698637,-0.080078,-0.645988,281,285,27,58,2.95
317,1,-0.966797,-1.379078,-1.673828,-2.006484,285,288,25,60,2.91
318,1,0.019531,-0.366844,0.208984,-0.432785,287,292,29,55,2.80
319,1,0.214844,-0.381611,-0.603516,-1.141658,281,293,28,61,2.78
320,1,-1.410156,-2.099277,-0.533203,-0.983826,284,288,29,58,2.85
321,1,-0.367188,-0.918063,-1.830078,-2.304240,272,283,28,60,4.30
322,1,-0.937500,-1.359955,-0.414062,-0.763680,280,279,26,58,1.64
323,1,-1.564453,-2.945213,-0.164062,-0.439531,274,283,28,56,2.89
324,1,0.679688,-0.186531,-0.707031,-1.190514,276,290,24,58,3.45
325,1,-0.082031,-0.364195,-0.515625,-0.865916,284,292,29,58,1.44
326,1,0.025391,-0.727834,-0.697266,-1.028520,273,285,26,58,1.49
327,1,-0.521484,-0.794059,-0.953125,-1.418510,261,288,29,60,2.03
328,1,-1.074219,-1.410457,-0.751953,-1.192748,267,304,28,59,2.66
329,1,-2.244141,-2.733795,-2.517578,-2.965051,269,303,28,57,3.25
330,1,-1.250000,-1.758371,-0.125000,-0.601740,267,303,28,61,2.45
331,1,-0.554688,-1.392205,-1.117188,-1.705223,251,160,26,59,2.58
332,1,0.179688,-0.471715,-0.837891,-1.531064,243,219,28,56,1.98
333,1,-0.941406,-1.759082,0.005859,-0.832588,259,232,28,56,3.27
334,1,-0.906250,-1.480916,0.455078,0.007926,270,228,30,58,2.06
335,1,0.494141,0.112627,-1.763672,-2.159521,281,240,25,60,1.44
336,1,-0.654297,-1.217096,0.468750,-1.053787,288,246,26,60,4.23
337,1,-0.667969,-1.727949,0.427734,-0.419312,303,250,27,56,3.70
338,1,0.380859,0.003082,-0.041016,-0.515445,286,252,28,61,2.10
339,1,-1.398438,-1.800297,-0.718750,-1.431514,295,257,26,58,3.13
340,1,-0.439453,-0.898852,-0.087891,-0.609467,295,271,25,64,2.58
341,1,-1.736328,-2.132768,-0.814453,-1.883525,284,270,26,61,3.12
342,1,-0.994141,-1.376420,-0.300781,-0.987039,285,193,27,60,2.65
343,1,-0.136719,-0.703092,-0.728516,-1.215094,242,231,26,55,2.67
344,1,0.339844,-0.714613,-0.033203,-0.737215,264,256,30,57,2.60
345,1,-1.044922,-1.592178,-1.953125,-2.527814,270,267,28,58,3.19
346,1,0.144531,-1.419357,-0.441406,-0.988211,265,265,26,61,2.06
347,1,-0.851562,-1.689422,0.101562,-0.364246,268,278,27,55,2.62
348,1,-0.107422,-0.508412,0.421875,0.028529,269,261,29,57,2.02
349,1,-0.132812,-0.456334,-0.207031,-0.737309,275,270,26,59,2.54
350,1,-0.591797,-0.882617,-1.160156,-1.559090,264,279,24,64,1.88
351,1,-1.251953,-1.700543,0.111328,-0.415049,267,283,27,64,2.01
352,1,-0.443359,-1.100729,-0.818359,-1.188811,275,278,28,63,2.58
353,1,0.091797,-0.217225,-0.052734,-0.441531,263,278,27,59,1.50
354,1,1.123047,0.618578,-0.179688,-0.444430,263,280,28,54,1.45
355,1,-0.494141,-0.809594,-0.861328,-1.257404,268,279,25,58,2.64
356,1,-0.697266,-1.077643,-0.783203,-1.133498,269,274,28,63,2.08
357,1,0.443359,0.023992,-0.808594,-1.120541,262,285,28,65,1.49
358,1,-0.398438,-0.784543,-2.074219,-2.417682,267,276,27,63,2.02
359,1,0.404297,-0.002980,-0.765625,-1.322930,265,274,29,60,2.09
360,1,-0.064453,-0.315510,-1.187500,-1.858047,254,277,29,60,1.91
361,1,-0.185547,-0.523082,-0.541016,-0.936240,266,273,26,55,1.47
362,1,-0.583984,-1.112432,-2.207031,-2.610793,267,274,26,63,3.15
363,1,-0.355469,-0.733676,-0.468750,-0.831459,266,270,28,54,1.49
364,1,-1.369141,-1.894119,-2.166016,-2.807707,266,270,26,64,3.18
365,1,-0.587891,-0.902979,-1.181641,-1.653629,267,268,26,60,2.61
366,1,-0.769531,-1.843562,-2.539062,-2.924777,267,261,27,60,2.71
367,1,0.414062,-0.126668,-1.337891,-2.137619,270,255,26,53,3.13
368,1,-0.937500,-1.336441,0.105469,-0.497428,279,251,26,54,3.12
369,1,0.500000,0.226125,-0.003906,-0.361223,281,266,28,54,2.07
370,1,-2.103516,-2.530945,-1.126953,-1.514158,282,258,26,52,1.90
371,1,-0.619141,-0.901756,-1.166016,-1.702623,278,267,25,62,3.13
372,1,-0.505859,-0.748805,-0.451172,-0.856412,288,267,28,55,1.48
373,1,0.365234,0.100232,-0.449219,-1.439256,282,274,28,55,2.66
374,1,-0.744141,-1.242797,-0.205078,-0.869639,285,277,25,67,3.09
375,1,-0.738281,-1.015896,-0.556641,-1.061352,285,189,30,52,2.02
376,1,0.146484,-0.318943,-1.214844,-1.671654,286,234,26,68,2.56
377,1,0.636719,0.264205,-1.511719,-1.958186,295,237,24,54,2.54
378,1,-0.681641,-1.020115,0.105469,-0.412785,301,247,24,60,2.58
379,1,-0.175781,-0.466742,-0.982422,-1.403916,292,244,26,53,2.59
380,1,-0.205078,-0.428609,0.089844,-0.403582,274,249,25,53,1.33
381,1,-1.912109,-2.658146,-0.744141,-1.517764,267,260,28,52,3.13
382,1,0.251953,0.035260,-0.947266,-1.391865,280,267,27,53,2.04
383,1,-0.570312,-0.955518,0.396484,0.023871,270,254,28,52,2.62
384,1,-0.751953,-1.714691,-0.529297,-1.135416,267,260,31,63,3.66
385,1,-0.298828,-0.823920,-0.955078,-1.505752,265,253,26,52,2.04
386,1,-0.964844,-1.351311,0.056641,-0.528031,268,265,28,65,2.60
387,1,0.562500,0.189914,-0.244141,-0.746613,270,262,24,52,2.00
388,1,0.769531,0.503299,-0.837891,-1.313846,268,262,24,58,2.10
389,1,-1.289062,-1.589459,-1.193359,-1.615553,267,183,27,52,1.46
390,1,0.177734,-0.088047,0.123047,-0.463316,262,217,27,49,1.87
391,1,-2.535156,-3.092732,-0.232422,-0.638910,276,232,26,53,2.61
392,1,-0.541016,-1.177156,-1.240234,-1.784754,295,242,26,56,3.14
393,1,1.445312,0.832348,0.462891,-0.364025,288,242,25,53,3.69
394,1,0.263672,0.051201,-1.070312,-1.502396,294,245,26,55,1.47
395,1,-1.677734,-2.119729,-1.332031,-2.193189,285,242,28,52,3.71
396,1,-0.947266,-1.270482,-0.945312,-1.376557,299,249,24,57,2.55
397,1,-0.832031,-1.242805,0.148438,-0.887244,291,257,27,51,3.08
398,1,-0.738281,-1.077600,-1.113281,-1.709455,298,249,28,52,2.59
399,1,-1.152344,-1.542551,-1.855469,-2.605697,292,250,25,61,3.64
400,1,0.287109,-0.457742,-1.919922,-2.305090,289,262,27,56,1.93
401,1,-0.505859,-0.789676,-0.330078,-0.775598,296,254,27,55,1.57
402,1,-0.730469,-1.332105,-0.263672,-0.842760,292,253,27,53,2.63
403,1,-0.050781,-0.322721,-0.785156,-1.182187,297,267,27,54,1.49
404,1,-0.554688,-0.722740,-0.359375,-0.873969,303,268,29,57,1.48
405,1,-0.580078,-0.893322,-2.001953,-2.850682,296,275,27,58,2.67
406,1,-0.261719,-0.572566,-0.357422,-0.713465,297,277,29,58,2.07
407,1,-1.890625,-2.194928,0.433594,-0.212338,309,271,26,52,2.67
408,1,-0.341797,-0.605961,0.552734,0.141854,305,276,26,52,1.42
409,1,0.564453,-0.056771,0.005859,-0.486291,318,276,27,51,2.00
410,1,0.324219,0.136531,-0.123047,-0.616676,307,284,27,50,1.36
411,1,-0.400391,-0.851223,-0.359375,-0.745764,305,278,27,52,2.08
412,1,-0.253906,-0.556615,-0.390625,-1.210893,310,273,28,48,3.77
413,1,0.289062,-0.061002,-0.509766,-1.010002,302,274,29,55,2.07
414,1,-0.214844,-1.009346,-0.335938,-0.641914,305,272,24,56,2.27
415,1,0.093750,-0.123035,-0.263672,-0.755344,314,267,27,55,1.48
416,1,0.501953,0.064002,-0.314453,-0.634332,308,272,25,56,2.06
417,1,0.033203,-1.067916,-0.925781,-1.313625,300,272,27,54,1.50
418,1,-0.919922,-1.317211,-1.185547,-1.642479,294,270,26,51,2.02
419,1,-1.273438,-1.465402,-1.525391,-1.865652,311,276,27,54,1.50
420,1,-1.255859,-1.781602,-0.304688,-0.743039,311,278,25,52,2.39
421,1,0.103516,-0.931650,-0.736328,-1.180955,318,276,29,53,1.49
422,1,-0.214844,-0.381133,-0.275391,-0.752967,318,275,26,54,1.40
423,1,0.425781,-0.260318,-0.189453,-0.678223,315,285,27,55,1.44
424,1,0.769531,-0.457145,-0.671875,-1.588471,318,290,29,52,2.61
425,1,0.957031,-0.387184,-0.599609,-1.072463,313,276,26,55,2.66
426,1,-0.199219,-0.698078,-1.089844,-1.509275,312,266,31,60,2.06
427,1,-0.140625,-0.560516,-0.296875,-0.707021,310,274,26,53,2.04
428,1,0.605469,0.141627,-0.285156,-0.696270,305,270,28,54,2.09
429,1,-0.500000,-0.794666,0.064453,-0.348277,305,268,27,53,3.16
430,1,0.593750,0.251842,0.216797,-0.894252,305,266,28,57,2.90
431,1,-0.919922,-1.189561,0.279297,-0.170063,304,265,28,51,1.99
432,1,-0.703125,-0.911072,0.792969,0.320166,311,263,28,54,1.48
433,1,-1.039062,-1.288818,-0.281250,-0.763717,312,248,29,53,2.57
434,1,0.041016,-0.404930,-0.591797,-1.131631,97,246,28,57,2.55
435,1,-1.076172,-1.616719,-1.353516,-1.879729,152,257,27,56,2.61
436,1,-0.277344,-0.716619,-0.400391,-0.787746,176,257,26,55,1.49
437,1,-0.775391,-1.364838,-1.853516,-2.176623,178,233,26,59,2.24
438,1,0.943359,0.480354,-1.109375,-1.616531,195,252,27,58,2.58
439,1,0.312500,-1.249432,0.005859,-0.422004,216,250,26,58,3.11
440,1,0.062500,-0.748902,-0.671875,-1.349211,224,235,29,55,2.52
441,1,-0.408203,-0.953209,0.068359,-0.322562,224,235,26,61,2.60
442,1,0.697266,0.343094,1.218750,0.713283,223,219,27,57,2.59
443,1,-0.191406,-0.907654,-0.544922,-1.019949,230,226,27,57,2.55
444,1,0.105469,-0.440271,-0.410156,-0.860615,230,229,28,60,1.47
445,1,-1.251953,-1.890191,-0.826172,-1.444709,230,229,26,54,2.50
446,1,0.142578,-0.205473,-1.062500,-1.568787,227,233,25,62,2.02
447,1,-0.371094,-1.169240,-0.917969,-1.514801,240,236,27,55,2.58
448,1,-0.777344,-1.264672,-0.433594,-0.825937,244,248,25,60,3.16
449,1,-0.675781,-1.176520,-0.806641,-1.389691,247,251,25,55,3.06
450,1,-1.195312,-1.557271,-1.601562,-2.351674,243,255,28,61,2.49
451,1,0.474609,0.083699,0.392578,-0.110416,238,265,28,54,1.97
452,1,-0.251953,-0.569316,-0.597656,-1.044385,247,253,28,56,1.50
453,1,-0.882812,-1.760365,-0.558594,-1.125543,251,249,26,61,2.06
454,1,-0.001953,-0.355301,0.017578,-0.361631,262,246,26,55,2.13
455,1,-0.445312,-1.885752,-1.357422,-1.694041,259,247,25,64,3.72
456,1,-0.548828,-0.866916,-0.173828,-0.507793,252,232,25,59,3.15
457,1,-0.833984,-1.697334,0.320312,-0.477207,239,246,26,65,3.15
458,1,-0.554688,-1.083656,-1.968750,-2.360646,238,251,25,60,2.79
459,1,-0.111328,-0.524961,0.064453,-0.750699,239,249,26,58,2.08
460,1,-1.488281,-1.980002,-0.732422,-1.054402,235,255,27,57,1.94
461,1,-0.111328,-0.465184,0.589844,0.162590,243,246,26,59,1.46
462,1,-0.312500,-0.736160,0.835938,0.201619,233,249,27,60,3.10
463,1,-0.591797,-1.556721,-1.050781,-1.418223,239,255,25,57,1.41
464,1,0.802734,-0.365168,-1.576172,-1.898521,237,260,27,57,3.08
465,1,-0.435547,-1.098234,-0.861328,-1.273033,238,258,26,62,2.08
466,1,-0.048828,-0.861330,-0.437500,-1.008869,236,255,23,59,3.15
467,1,0.789062,0.116732,0.076172,-0.328416,229,265,27,61,2.61
468,1,-0.062500,-0.668357,-1.144531,-1.554770,241,253,26,56,2.71
469,1,-1.244141,-2.088107,-0.310547,-0.657709,245,246,30,56,2.65
470,1,-0.871094,-1.249359,-0.878906,-1.524135,250,252,27,54,3.05
471,1,-1.232422,-1.777480,-0.208984,-0.667789,245,265,25,56,2.09
472,1,-0.998047,-1.474119,1.066406,0.420234,248,253,27,52,1.50
473,1,0.621094,0.111945,-1.679688,-2.041041,245,245,26,52,2.04
474,1,-1.990234,-2.486682,-0.066406,-0.476070,245,255,26,57,2.03
475,1,1.453125,0.618045,-0.917969,-1.322666,248,259,26,63,2.59
476,1,-0.617188,-1.108441,-1.859375,-2.758178,256,265,27,63,4.23
477,1,-0.728516,-1.518484,-0.064453,-0.382984,271,265,24,62,2.01
478,1,1.109375,-1.198547,-0.794922,-1.529451,270,274,28,51,2.62
479,1,1.025391,0.095398,0.605469,0.251715,267,270,27,57,1.94
480,1,-0.052734,-0.754443,-0.835938,-1.427838,265,273,25,52,2.47
481,1,0.074219,-0.336607,0.033203,-0.497238,262,276,25,57,1.49
482,1,-1.302734,-1.747777,-0.392578,-0.919570,282,277,26,54,3.58
483,1,-0.791016,-1.117926,-0.378906,-1.152074,277,233,29,56,2.07
484,1,-0.693359,-1.647881,0.296875,-0.168990,287,255,26,56,2.68
485,1,-0.451172,-0.844500,-0.988281,-1.395223,290,258,24,61,2.08
486,1,0.453125,-0.324930,-0.931641,-1.353438,276,258,28,54,1.49
487,1,-0.246094,-1.421873,-1.162109,-1.474051,281,261,24,61,3.19
488,1,-0.306641,-0.917619,-1.056641,-1.379320,280,263,24,59,2.06
489,1,-1.376953,-2.147373,-1.046875,-1.576699,274,260,30,57,1.47
490,1,0.000000,-0.993674,-1.253906,-1.676746,274,267,25,58,2.52
491,1,-1.324219,-1.878547,0.404297,0.059145,275,267,27,57,2.06
492,1,0.095703,-1.285443,-0.318359,-0.924545,273,270,27,57,2.60
493,1,-0.496094,-0.838986,-1.373047,-1.941406,273,262,29,64,2.56
494,1,0.000000,-0.664945,-1.736328,-2.077201,270,264,25,66,2.72
495,1,-1.214844,-1.851768,0.292969,-1.023455,278,272,31,53,3.29
496,1,-1.552734,-1.912777,-0.591797,-1.124102,269,268,31,58,2.59
497,1,-1.347656,-1.794953,-0.677734,-1.017547,286,263,25,56,3.25
498,1,-0.140625,-1.394945,-0.294922,-0.693193,281,259,24,55,2.01
499,1,-1.912109,-2.357143,-1.037109,-1.474754,281,255,24,62,2.64
500,1,0.064453,-0.306248,-1.523438,-1.887307,278,240,25,57,1.95
501,1,-1.738281,-2.283260,-0.498047,-1.013621,277,249,25,55,2.09
502,1,-0.357422,-1.026031,0.072266,-0.482734,288,245,25,57,2.64
503,1,-1.085938,-1.446906,0.478516,-0.074545,288,228,29,62,2.11
504,1,-1.126953,-1.426777,-0.416016,-0.773764,283,254,24,55,1.50
505,1,0.193359,-0.227854,0.095703,-0.345725,280,261,25,53,3.07
506,1,-2.169922,-3.663229,-0.865234,-1.253857,275,258,25,58,3.68
507,1,-0.730469,-1.204145,-0.507812,-1.274146,280,261,27,55,2.66
508,1,0.142578,-0.498170,0.382812,-0.427916,275,256,24,55,1.48
509,1,0.320312,-0.487967,0.142578,-0.259037,271,260,25,65,2.14
510,1,-1.244141,-1.666744,-0.291016,-0.716383,272,258,28,53,3.08
511,1,1.164062,0.737000,-0.542969,-1.118131,269,255,26,58,2.05
512,1,0.701172,0.163619,0.503906,-0.287342,266,254,28,59,2.07
513,1,-0.769531,-1.168855,-1.037109,-1.821139,259,194,26,52,3.03
514,1,0.744141,0.196260,-1.353516,-1.989396,262,226,27,59,3.12
515,1,-1.005859,-2.332846,-0.636719,-1.477211,266,226,27,60,2.60
516,1,0.609375,0.108762,-1.796875,-2.299035,166,232,30,55,2.03
517,1,0.187500,-0.618580,-2.076172,-2.633246,206,235,27,50,2.71
518,1,-0.970703,-1.436072,-0.689453,-1.222992,234,236,29,52,2.05
519,1,-1.931641,-2.340740,-2.396484,-3.278998,251,236,27,59,3.65
520,1,-0.701172,-0.984094,-1.425781,-1.920432,238,223,26,59,2.44
521,1,-1.769531,-2.370088,-1.623047,-2.037521,245,235,26,55,2.54
522,1,-1.865234,-2.505896,-1.056641,-1.728008,251,237,26,56,2.58
523,1,-0.054688,-0.484221,-0.166016,-0.720682,252,244,30,51,1.53
524,1,0.089844,-0.157693,0.363281,-0.062682,253,249,26,58,1.50
525,1,-0.417969,-1.226301,0.119141,-0.307129,254,236,26,51,1.97
526,1,-1.638672,-2.181559,-0.285156,-1.051432,266,249,27,60,2.61
527,1,-0.173828,-0.482029,-1.064453,-1.711189,260,238,25,53,2.01
528,1,0.171875,-0.398656,-1.066406,-1.664402,276,246,24,59,2.05
529,1,0.541016,0.129727,-0.417969,-1.064945,279,259,26,52,3.15
530,1,-1.044922,-1.507484,-0.107422,-0.861143,272,250,24,52,3.07
531,1,-2.412109,-2.910326,-0.177734,-0.759275,266,241,26,58,3.82
532,1,-1.046875,-1.795941,-0.734375,-1.365865,260,245,25,55,3.10
533,1,-0.541016,-1.024391,-0.572266,-1.161400,272,253,26,55,1.48
534,1,-1.451172,-1.791658,-0.703125,-1.186512,276,244,26,55,1.51
535,1,0.160156,-0.154846,-0.681641,-1.217145,282,255,26,51,2.05
536,1,-0.457031,-2.134537,-0.921875,-1.290932,273,245,23,52,2.04
537,1,0.136719,-0.946703,-0.349609,-1.020334,288,240,27,55,3.79
538,1,-0.558594,-1.362342,-1.373047,-1.828482,283,217,25,52,2.61
539,1,-0.746094,-1.676973,0.396484,-0.101160,272,233,25,51,3.10
540,1,0.128906,-0.547445,-2.421875,-2.852842,275,230,26,64,2.53
541,1,-1.548828,-2.304029,0.458984,0.090975,279,242,25,49,2.63
542,1,-0.062500,-0.413580,-1.265625,-1.773127,293,232,28,52,2.61
543,1,-1.015625,-1.388207,-0.626953,-1.139645,290,241,28,53,1.48
544,1,-0.697266,-1.122752,-0.505859,-1.064902,297,251,26,49,2.56
545,1,-2.062500,-2.612338,0.582031,-0.476283,300,252,25,52,3.11
546,1,-1.693359,-2.105828,-1.693359,-2.486783,302,244,27,51,2.63
547,1,-0.978516,-1.391869,0.169922,-0.437514,306,248,26,53,3.70
548,1,-0.142578,-0.765764,-0.923828,-1.636020,305,265,28,50,2.66
549,1,-0.712891,-1.446643,-0.294922,-0.717889,308,252,28,57,2.64
550,1,-0.097656,-0.376047,0.220703,-0.105949,304,272,25,51,1.91
551,1,-0.025391,-1.414885,-0.173828,-0.733344,308,273,24,52,2.60
552,1,-0.189453,-1.025727,-0.279297,-0.785574,186,262,25,53,2.59
553,1,-0.263672,-1.162547,-1.509766,-2.081029,250,261,29,53,3.74
554,1,-0.240234,-0.551947,-3.173828,-4.157236,262,265,26,56,2.58
555,1,-0.148438,-0.479484,-0.369141,-0.795510,262,267,30,64,1.49
556,1,-0.230469,-1.264289,-1.111328,-1.558879,270,259,25,54,2.59
557,1,-0.105469,-0.591365,-0.113281,-0.502594,257,254,25,52,1.47
558,1,-1.035156,-1.340002,-0.755859,-1.182619,268,248,27,51,3.13
559,1,-0.255859,-0.875076,0.250000,-0.142936,270,239,26,51,2.59
560,1,-1.314453,-1.501816,-0.230469,-0.654055,269,241,26,54,1.38
561,1,-0.591797,-0.917361,0.195312,-0.281750,263,248,24,50,3.25
562,1,-2.232422,-2.809869,-1.859375,-2.269729,259,239,26,53,3.67
563,1,-0.625000,-0.934348,-0.585938,-1.446924,265,233,27,56,1.98
564,1,0.058594,-0.209320,-0.970703,-1.452687,263,242,25,52,2.58
565,1,-0.931641,-1.531459,-0.884766,-1.900074,262,224,25,51,2.76
566,1,-0.445312,-0.737361,-1.146484,-1.794430,264,236,31,52,2.67
567,1,-0.091797,-0.703104,0.683594,0.011732,263,239,28,50,2.01
568,1,-0.378906,-0.755836,-0.478516,-1.092914,262,234,27,50,2.56
569,1,-0.455078,-0.993186,-0.611328,-1.273645,258,249,26,52,3.09
570,1,-1.123047,-1.601744,-0.560547,-1.223107,195,256,25,49,2.49
571,1,-1.322266,-2.181740,-1.126953,-1.552211,245,252,30,51,2.02
572,1,-0.412109,-0.744590,-0.613281,-1.088977,253,258,30,51,2.60
573,1,0.591797,0.117125,-0.363281,-0.827164,265,268,26,52,2.58
574,1,0.691406,0.413176,-3.015625,-3.744135,262,272,23,51,2.71
575,1,-1.113281,-1.757242,-0.205078,-0.604383,257,271,25,51,2.05
576,1,-0.585938,-1.158559,-0.589844,-1.057113,263,282,30,51,3.18
577,1,-0.519531,-1.385014,-1.291016,-2.049734,275,287,26,53,2.64
578,1,0.277344,-0.367070,-0.291016,-0.645070,278,293,30,56,2.62
579,1,0.005859,-0.817408,-0.730469,-1.274812,279,297,27,56,2.63
580,1,-0.255859,-0.819215,-1.324219,-1.631258,276,303,31,53,1.88
581,1,0.431641,-0.101145,-1.498047,-2.237291,268,289,30,49,3.12
582,1,-0.701172,-1.117824,-0.611328,-0.948512,273,280,30,52,3.15
583,1,0.277344,-0.026707,-1.533203,-1.868551,279,281,26,50,2.05
584,1,0.212891,-0.004111,-0.599609,-1.105678,274,278,24,49,2.57
585,1,-1.224609,-1.812768,-1.859375,-2.185518,282,291,26,50,2.11
586,1,-0.498047,-0.850717,-1.140625,-1.499596,287,303,26,53,2.06
587,1,-0.931641,-1.255150,0.398438,0.041373,284,286,28,57,1.49
588,1,-0.111328,-0.381361,-0.285156,-0.617674,292,292,25,53,2.12
589,1,-0.220703,-0.780871,-0.835938,-1.191475,294,288,25,57,2.66
590,1,-2.490234,-3.491445,-0.335938,-0.963006,291,271,29,51,3.02
591,1,-0.472656,-1.471830,-0.097656,-0.534953,291,267,29,55,2.73
592,1,-0.044922,-0.313822,-0.726562,-1.525510,289,278,31,53,2.58
593,1,0.345703,0.057078,-1.492188,-1.957641,291,276,27,50,2.62
594,1,0.070312,-0.373439,-1.205078,-1.542369,301,261,27,55,2.06
595,1,-0.048828,-0.327283,0.705078,0.216840,296,270,25,50,2.10
596,1,-1.179688,-1.979342,0.144531,-0.508734,285,269,24,50,2.62
597,1,1.027344,0.591205,0.265625,-0.214158,296,269,30,49,2.03
598,1,-0.003906,-0.407020,0.529297,-0.097770,288,273,26,48,2.60
599,1,-0.222656,-0.598283,-0.287109,-0.733686,298,271,30,51,1.49
600,1,0.142578,-0.912129,0.451172,0.004771,291,269,27,49,1.86
601,1,-0.603516,-1.165547,-1.105469,-1.464293,293,264,26,50,2.02
602,1,-0.144531,-0.440443,0.015625,-0.612766,299,243,26,48,1.47
603,1,-0.232422,-0.881701,1.326172,0.791988,299,245,30,52,2.55
604,1,-0.212891,-1.110244,-0.337891,-0.679178,299,240,28,56,2.07
605,1,0.347656,0.011346,0.103516,-0.308172,299,239,25,52,2.02
606,1,-0.863281,-1.367447,-0.974609,-1.589996,303,244,27,52,3.22
607,1,-0.568359,-0.940248,-1.390625,-2.723770,304,260,25,55,3.13
608,1,-0.673828,-1.050357,-0.298828,-0.899115,297,259,29,50,3.10
609,1,-1.736328,-2.295773,-1.238281,-1.923668,294,277,29,56,2.68
610,1,-1.199219,-1.487303,0.240234,-0.246674,296,278,26,50,2.39
611,1,-0.496094,-1.127299,-0.892578,-1.240801,303,274,26,57,3.17
612,1,-0.169922,-0.713289,-0.279297,-0.776268,300,281,25,50,2.68
613,1,-0.300781,-0.883617,0.003906,-0.690512,309,273,25,49,2.06
614,1,-1.035156,-1.824881,-0.890625,-1.709053,300,278,28,51,2.55
615,1,-1.091797,-1.495018,-0.462891,-1.016605,310,268,30,53,2.64
616,1,-1.035156,-2.560756,-1.761719,-2.474943,311,265,24,50,3.69
617,1,-0.388672,-1.733602,-0.736328,-1.070475,309,270,26,50,2.66
618,1,-0.599609,-1.039361,-0.580078,-1.364902,314,268,24,57,3.11
619,1,-0.566406,-1.066879,-1.107422,-1.667318,314,273,25,50,3.08
620,1,-0.236328,-0.591658,-0.687500,-1.564547,311,270,26,51,2.00
621,1,1.683594,1.286484,0.066406,-0.574805,313,274,25,52,2.57
622,1,-0.416016,-0.707254,-0.644531,-1.104826,319,258,26,49,2.64
623,1,-1.490234,-1.712758,0.140625,-0.314229,318,245,26,49,2.57
624,1,-0.775391,-1.644779,-1.126953,-1.751025,322,242,28,53,2.62
625,1,-0.574219,-1.504826,-0.517578,-1.165930,320,255,24,51,2.54
626,1,-0.824219,-1.170518,-0.937500,-1.429176,315,250,25,53,2.08
627,1,-1.701172,-2.309488,-0.552734,-0.983582,320,243,28,53,3.19
628,1,-0.347656,-0.632191,0.255859,-0.261412,315,248,25,50,1.42
629,1,0.236328,-0.279975,-0.642578,-1.661275,320,241,26,55,2.62
630,1,-0.871094,-1.095650,-0.494141,-0.815854,318,247,27,52,2.43
631,1,-0.498047,-0.751783,0.228516,-0.298717,318,247,27,49,1.99
632,1,0.472656,0.190938,-0.542969,-1.254029,323,238,25,53,3.24
633,1,-2.068359,-2.531023,-0.662109,-1.171793,318,232,26,53,2.68
634,1,-0.757812,-1.188973,-0.277344,-0.746936,321,244,28,54,3.16
635,1,-0.925781,-1.176426,-0.226562,-1.214377,322,235,26,55,2.57
636,1,0.593750,0.432549,-0.701172,-1.098709,318,224,25,53,2.05
637,1,-0.341797,-0.567879,-0.400391,-0.869521,300,232,25,55,1.47
638,1,-2.328125,-2.994857,-0.074219,-0.692555,318,234,28,54,2.61
639,1,-0.207031,-0.405168,-1.185547,-1.688080,309,245,26,53,2.02
640,1,-2.792969,-3.113340,-1.412109,-1.842854,312,244,25,55,3.09
641,1,-0.371094,-1.246207,-1.367188,-1.896002,312,247,25,55,2.07
642,1,-0.005859,-0.303895,-0.365234,-1.093840,314,245,27,53,2.08
643,1,-1.818359,-2.096943,0.417969,-0.052756,306,245,25,55,2.62
644,1,-0.220703,-0.685559,0.091797,-0.942652,307,216,25,52,2.56
645,1,-0.398438,-1.133492,-0.691406,-1.350998,307,251,28,54,1.98
646,1,-0.531250,-0.878699,-0.837891,-1.311145,305,251,26,54,2.08
647,1,-0.816406,-2.911836,-1.218750,-1.891578,305,244,25,53,4.26
648,1,-0.347656,-1.023121,-1.060547,-1.482695,301,250,28,55,2.59
649,1,-1.126953,-1.513996,-0.617188,-1.123508,296,250,27,54,3.11
650,1,0.289062,-0.059547,-0.316406,-0.694201,306,255,27,56,1.93
651,1,0.095703,-0.300656,0.083984,-0.669299,299,259,29,51,1.48
652,1,-0.353516,-0.713551,-1.605469,-1.870387,294,256,25,52,3.67
653,1,0.613281,0.007967,-2.259766,-2.889146,296,258,27,50,3.11
654,1,-0.621094,-1.085463,-0.966797,-1.291248,294,265,25,50,3.20
655,1,-0.902344,-1.125729,-0.742188,-1.228969,286,242,26,49,2.08
656,1,-0.207031,-0.935215,0.316406,-0.045531,280,243,28,51,2.00
657,1,0.248047,-0.500938,-0.138672,-0.499078,280,244,26,53,3.18
658,1,-0.619141,-1.131141,-1.310547,-1.709330,281,256,26,48,2.06
659,1,0.507812,0.129848,-1.029297,-1.337244,273,260,26,53,2.70
660,1,-1.357422,-2.310076,-0.082031,-0.444828,269,261,28,53,2.39
661,1,-1.111328,-1.653396,-1.107422,-1.606613,267,263,26,52,2.63
662,1,-0.238281,-0.771660,-0.521484,-1.242369,44,275,27,50,3.24
663,1,-0.400391,-0.829586,-0.152344,-0.709736,102,271,29,49,1.49
664,1,-0.048828,-0.431193,0.041016,-0.473277,125,283,27,55,1.44
665,1,-0.121094,-0.533072,-1.195312,-1.717035,132,281,25,50,2.10
666,1,0.121094,-0.528205,0.021484,-0.298420,153,284,25,52,2.03
667,1,0.722656,0.293609,-1.644531,-2.095035,167,281,28,51,2.05
668,1,0.816406,0.407885,-0.283203,-1.323383,183,284,25,52,3.71
669,1,-0.457031,-1.080363,0.001953,-0.510592,197,282,26,51,2.56
670,1,-1.150391,-1.913742,-0.996094,-1.776271,204,281,25,50,3.54
671,1,-0.710938,-1.260324,-0.441406,-1.325883,207,276,26,51,3.22
672,1,-0.949219,-1.472371,0.505859,0.069752,227,270,28,53,2.04
673,1,-2.058594,-2.587594,-1.210938,-1.600734,225,268,27,51,2.13
674,1,-0.414062,-0.916219,-0.861328,-1.311625,221,268,25,50,2.54
675,1,-0.156250,-0.594842,-1.384766,-1.896303,232,263,26,49,3.21
676,1,-1.287109,-2.270725,-1.361328,-1.888297,243,258,29,50,2.08
677,1,-0.152344,-0.656793,-0.644531,-1.157678,249,259,31,53,2.06
678,1,-0.781250,-1.582230,-0.875000,-1.302633,269,257,28,47,2.08
679,1,-1.076172,-1.533002,-1.623047,-2.292396,268,257,28,50,3.14
680,1,-1.544922,-2.162080,-0.839844,-1.214152,287,275,26,48,1.96
681,1,-2.035156,-2.495283,-0.435547,-1.018324,278,270,28,51,2.62
682,1,-0.240234,-0.556475,-0.302734,-0.724883,286,271,26,50,2.02
683,1,0.908203,-0.245809,-0.919922,-1.332766,287,263,28,51,2.56
684,1,-0.271484,-1.442598,-0.462891,-1.010592,289,255,26,52,2.01
685,1,-0.425781,-0.762799,-1.693359,-2.053639,289,273,26,49,2.63
686,1,0.748047,0.091805,-0.011719,-0.514006,284,279,27,49,2.58
687,1,-1.531250,-2.208711,-1.205078,-1.566703,287,280,26,53,2.62
688,1,-1.671875,-2.103068,-0.449219,-0.721135,297,278,24,49,3.13
689,1,-0.777344,-1.237518,-0.833984,-1.215588,298,266,27,51,2.63
690,1,-0.099609,-0.365453,-0.041016,-0.303162,296,278,26,53,1.89
691,1,-0.396484,-0.792859,0.490234,0.043174,292,281,27,53,3.25
692,1,-0.751953,-1.368750,0.339844,-0.477594,301,274,30,50,3.21
693,1,-0.417969,-1.460525,-1.541016,-2.188980,298,268,30,53,3.18
694,1,-1.970703,-2.622467,0.193359,-0.114041,296,275,28,49,2.57
695,1,-1.558594,-2.137287,-0.449219,-0.798553,299,269,27,50,2.58
696,1,-1.093750,-1.456254,0.548828,0.075193,299,272,26,50,2.13
697,1,-0.820312,-1.646904,0.662109,-0.429592,300,263,27,54,2.04
698,1,0.220703,-0.338238,-0.193359,-0.813451,302,253,27,51,3.22
699,1,0.769531,0.396775,0.822266,0.340709,301,255,29,53,1.46
700,1,0.248047,-0.024781,-1.390625,-2.007441,297,247,25,49,2.42
701,1,-0.642578,-1.039785,-0.302734,-0.785771,312,247,27,46,2.60
702,1,0.296875,0.032848,-2.349609,-2.943756,305,245,23,50,2.72
703,1,0.154297,-0.516168,1.531250,1.055412,306,255,30,51,2.09
704,1,-1.578125,-2.031303,-0.847656,-1.351545,298,260,25,53,3.20
705,1,-1.095703,-1.377215,-0.968750,-1.416844,300,253,28,55,2.62
706,1,0.025391,-0.285838,-0.187500,-0.613938,305,259,25,51,1.47
707,1,-0.886719,-1.460459,0.027344,-0.465748,296,269,27,53,3.18
708,1,-0.115234,-0.705451,-1.064453,-1.540467,299,267,26,50,2.59
709,1,0.031250,-0.477635,-1.078125,-1.562404,229,272,24,52,3.13
710,1,0.195312,-0.227459,0.511719,-0.133969,255,283,23,49,1.88
711,1,-0.589844,-0.951627,-0.410156,-0.808967,269,284,25,52,1.50
712,1,-0.037109,-1.034785,-0.306641,-0.751545,278,285,26,50,2.68
713,1,-0.898438,-1.243988,-0.173828,-0.528674,278,277,28,52,3.19
714,1,-2.072266,-2.563217,0.291016,-0.229898,275,273,31,51,2.05
715,1,-0.292969,-0.571672,-0.273438,-0.593420,278,269,30,49,1.51
716,1,-1.019531,-1.346387,1.013672,0.670127,283,263,26,49,2.03
717,1,-0.279297,-0.542791,-0.304688,-0.695518,284,255,27,49,2.09
718,1,-0.166016,-0.407924,0.148438,-0.165006,280,260,25,48,2.60
719,1,-0.332031,-0.531994,0.226562,-0.230307,278,250,29,54,1.47
720,1,-0.839844,-1.402994,-0.554688,-0.929713,287,242,26,51,3.47
721,1,-0.443359,-0.667902,-0.626953,-0.932961,296,233,25,53,2.04
722,1,-0.220703,-0.809053,-0.814453,-1.392221,286,243,27,49,2.56
723,1,-0.792969,-1.106184,-1.138672,-1.748455,305,239,30,51,2.07
724,1,-0.021484,-0.409131,-0.181641,-0.612248,284,232,27,48,1.51
725,1,-0.839844,-1.196900,-1.044922,-1.404158,291,243,24,54,3.65
726,1,-1.177734,-1.376719,-1.699219,-2.225678,299,237,26,51,3.22
727,1,-1.064453,-1.587385,-0.890625,-1.440342,287,246,25,52,2.05
728,1,0.585938,0.167570,-0.667969,-1.092201,293,238,30,50,2.15
729,1,-0.625000,-1.423111,-0.498047,-0.941389,291,236,24,50,2.06
730,1,-0.917969,-1.606543,0.052734,-0.419115,287,247,26,48,2.45
731,1,-0.916016,-1.471900,0.148438,-0.423273,284,250,27,54,2.56
732,1,0.771484,0.065301,0.410156,0.005705,287,246,26,53,2.60
733,1,-0.767578,-1.389127,-0.275391,-0.613045,284,258,30,48,2.07
734,1,-0.009766,-0.831285,-1.232422,-1.724221,287,247,26,47,1.47
735,1,-1.384766,-2.211945,0.173828,-0.211980,294,248,34,47,2.08
736,1,-0.037109,-0.649426,-0.664062,-1.501201,301,248,27,46,2.58
737,1,-0.421875,-0.781699,-0.414062,-0.799100,303,250,25,52,1.48
738,1,-0.808594,-1.522105,-0.644531,-1.246293,301,243,25,47,2.59
739,1,-0.470703,-1.135559,-0.558594,-1.013801,297,245,27,49,2.04
740,1,-0.621094,-1.222523,1.019531,0.452793,158,242,25,50,2.42
741,1,-1.203125,-2.232744,-0.226562,-0.618152,216,240,25,47,2.07
742,1,-0.679688,-1.756332,-0.785156,-1.153768,230,229,28,54,2.51
743,1,-1.894531,-2.527215,-0.876953,-1.256908,234,239,29,48,3.22
744,1,0.064453,-0.625723,-0.058594,-0.711301,236,147,26,49,2.02
745,1,-0.048828,-0.974072,-0.742188,-1.218398,248,190,26,48,2.06
746,1,-0.394531,-0.672490,1.033203,-0.036543,240,213,31,47,2.57
747,1,-1.552734,-2.305189,1.128906,-0.341545,249,214,27,48,3.15
748,1,-0.681641,-1.077266,-0.601562,-1.173879,259,222,27,48,2.58
749,1,-0.171875,-0.767398,-1.482422,-2.010160,257,228,25,47,3.60
750,1,-0.402344,-0.793689,-0.919922,-1.544256,260,235,26,46,1.90
751,1,-0.732422,-1.048486,0.355469,-0.333672,255,242,28,48,2.00
752,1,-0.720703,-1.065803,-0.062500,-0.693473,261,246,28,48,2.63
753,1,-0.720703,-0.972605,0.306641,-0.240297,258,244,26,48,1.51
754,1,0.794922,0.429143,-0.880859,-1.743535,254,251,26,49,2.04
755,1,0.667969,0.304139,0.048828,-0.749049,266,249,27,49,3.17
756,1,-0.537109,-1.405506,-0.353516,-1.256039,267,251,26,50,2.07
757,1,-0.457031,-1.895082,0.121094,-0.535975,270,244,26,47,2.65
758,1,0.181641,-0.260295,-0.869141,-1.472629,273,251,25,47,2.07
759,1,-0.322266,-1.003727,-0.869141,-1.518084,274,252,25,53,3.72
760,1,0.125000,-0.355201,-1.212891,-1.603975,283,253,27,51,1.88
761,1,-0.679688,-1.317697,-0.421875,-0.927395,282,256,28,52,1.51
762,1,1.623047,0.295877,-1.429688,-1.993879,290,263,25,48,3.15
763,1,-0.607422,-1.037447,1.017578,0.229250,290,269,31,49,2.01
764,1,-1.488281,-1.901730,0.759766,-0.053344,289,260,27,52,3.11
765,1,0.300781,-0.085199,-0.173828,-0.700941,297,247,27,53,2.63
766,1,-1.011719,-1.405223,0.123047,-0.804953,299,254,26,51,1.49
767,1,-0.369141,-0.763025,0.087891,-0.399541,297,248,32,50,1.41
768,1,-0.099609,-2.111393,0.792969,-0.822992,293,252,26,54,4.14
769,1,-0.148438,-0.552199,0.697266,0.331156,287,270,25,56,2.06
770,1,0.535156,-0.456654,-0.216797,-0.923117,293,277,31,51,2.94
771,1,-0.318359,-0.784686,0.433594,-0.075914,291,265,28,51,2.55
772,1,0.156250,-0.249459,-0.152344,-0.557773,291,264,27,47,1.97
773,1,-0.097656,-0.634600,0.617188,0.071623,293,258,27,47,3.12
774,1,-0.648438,-1.548910,-0.595703,-1.106545,297,259,28,51,2.04
775,1,0.500000,-0.266783,-0.617188,-1.098465,297,263,25,48,2.01
776,1,-0.103516,-0.671945,-1.353516,-1.879887,304,264,27,56,2.61
777,1,-0.300781,-0.557789,0.173828,-0.301027,299,280,26,50,2.02
778,1,-0.933594,-1.583109,-2.042969,-2.469953,301,273,25,56,3.72
779,1,-0.693359,-1.054461,0.291016,-0.083666,290,278,28,47,1.45
780,1,0.082031,-0.394209,-1.250000,-1.931598,291,267,27,48,2.46
781,1,0.146484,-0.518691,0.050781,-0.450797,293,201,28,51,1.56
782,1,-0.570312,-0.896387,1.304688,0.808502,294,247,25,47,2.24
783,1,0.402344,0.012064,-0.785156,-1.182426,297,237,26,52,2.02
784,1,0.271484,-0.834314,-0.888672,-1.230236,296,240,29,47,2.03
785,1,-0.667969,-1.068721,-0.093750,-0.346379,299,251,27,46,2.03
786,1,-0.746094,-1.478182,-1.275391,-1.704180,298,261,26,43,2.11
787,1,0.042969,-0.719141,0.587891,0.144656,300,258,26,49,2.61
788,1,-0.251953,-1.514539,0.792969,-0.374535,299,267,27,48,3.63
789,1,0.353516,-1.771877,0.218750,-0.364984,303,274,26,51,3.10
790,1,-0.091797,-0.710492,-0.304688,-0.975236,302,282,25,47,2.99
791,1,-0.119141,-0.798740,-1.345703,-1.879010,296,281,25,54,2.59
792,1,-0.132812,-0.686596,-0.318359,-0.734557,301,286,27,51,2.59
793,1,-1.097656,-1.502801,-0.695312,-1.022500,310,277,28,47,2.00
794,1,0.691406,0.301266,-0.386719,-1.394764,302,286,25,50,3.18
795,1,-0.087891,-1.091918,0.443359,-0.140469,163,296,26,49,3.09
796,1,-2.996094,-3.711770,-0.296875,-0.763086,204,295,29,51,3.14
797,1,-1.503906,-1.999658,-0.476562,-1.328150,232,302,27,51,3.13
798,1,0.078125,-0.605227,-1.347656,-2.194934,240,296,28,47,3.16
799,1,0.257812,-0.079686,-1.052734,-1.940625,259,301,27,51,2.62
800,1,-0.462891,-0.965303,0.103516,-0.669051,261,295,28,51,2.45
801,1,-0.250000,-1.133105,-0.970703,-1.575775,264,292,31,52,3.18
802,1,-0.931641,-1.480637,-0.947266,-1.208180,261,303,29,51,2.59
803,1,-1.845703,-2.388867,-0.119141,-0.550031,212,304,29,47,2.62
804,1,1.544922,0.735629,-0.039062,-0.532170,232,288,30,48,2.58
805,1,-0.498047,-1.088668,-0.470703,-1.108768,250,295,25,51,3.15
806,1,-0.468750,-0.683791,-0.339844,-0.951598,241,298,25,44,2.58
807,1,-1.205078,-1.549768,0.167969,-0.557148,237,287,27,50,2.57
808,1,-1.849609,-2.302986,-1.033203,-1.478449,253,273,27,45,2.58
809,1,-0.728516,-1.138658,-0.214844,-0.955680,256,279,28,50,2.07
810,1,-1.011719,-1.463553,-0.527344,-0.794006,255,272,25,52,2.47
811,1,-2.429688,-2.932592,-1.755859,-2.486492,258,280,25,50,4.13
812,1,0.041016,-0.398719,-0.806641,-1.291936,258,277,26,51,2.60
813,1,-0.720703,-1.181965,-1.384766,-2.521910,272,279,25,51,3.12
814,1,-1.591797,-1.864533,-0.671875,-1.229289,261,271,28,51,2.56
815,1,-0.837891,-1.243561,-0.310547,-0.701496,273,275,26,52,2.06
816,1,-0.173828,-0.526066,0.199219,-0.235264,283,274,30,50,1.46
817,1,-0.447266,-1.040994,-0.808594,-1.337607,282,267,24,51,3.65
818,1,1.000000,0.424887,-0.042969,-0.435676,286,274,24,43,2.04
819,1,0.617188,0.264404,-0.154297,-0.849891,278,270,27,45,2.06
820,1,-0.349609,-1.140916,-0.220703,-0.660492,273,266,29,51,2.40
821,1,-1.154297,-1.847182,-1.484375,-2.258701,273,279,24,51,3.17
822,1,-1.000000,-1.843465,0.720703,-0.063172,276,284,26,51,3.21
823,1,-0.677734,-1.344170,-0.613281,-1.423994,268,169,25,50,2.04
824,1,-0.314453,-0.836854,0.390625,-0.375502,268,218,24,45,1.42
825,1,-1.076172,-1.444635,-1.412109,-1.924137,268,234,24,48,2.07
826,1,-0.468750,-1.322359,-0.322266,-0.784334,261,246,24,47,2.62
827,1,-1.453125,-2.211174,0.193359,-0.273719,261,242,24,54,2.58
828,1,-1.876953,-2.544971,0.863281,0.179074,237,228,25,45,3.58
829,1,-0.103516,-0.519457,-1.240234,-2.060088,249,235,25,43,2.58
830,1,-0.396484,-1.118287,-0.396484,-0.914381,260,237,27,47,1.94
831,1,1.019531,-0.780006,-0.277344,-0.752574,256,235,27,43,2.03
832,1,-1.416016,-2.092984,-0.478516,-1.390570,254,235,25,49,4.25
833,1,-0.708984,-1.039324,-1.039062,-1.568152,263,236,24,50,2.08
834,1,0.650391,-0.820699,-1.068359,-1.482471,256,224,27,48,3.68
835,1,0.927734,-0.349828,0.076172,-0.686811,264,228,28,50,3.26
836,1,-0.005859,-0.851482,-0.992188,-1.389246,250,230,25,46,2.59
837,1,0.191406,-0.831281,-0.726562,-1.318541,255,232,29,45,2.59
838,1,0.167969,-0.337496,-0.337891,-1.063299,255,232,26,48,2.04
839,1,-0.859375,-1.556369,-1.347656,-1.885742,255,236,26,48,3.70
840,1,-0.738281,-1.154990,0.341797,-0.139525,270,249,29,46,1.87
841,1,-1.667969,-2.083945,-0.982422,-1.451105,277,252,27,46,2.59
842,1,-0.037109,-0.779752,0.357422,-0.415271,268,268,27,48,2.61
843,1,-0.892578,-1.646172,0.394531,-0.178230,260,266,28,52,3.08
844,1,-0.527344,-1.570773,-0.462891,-0.934941,258,259,30,43,2.08
845,1,-1.779297,-2.227918,-0.812500,-1.197098,208,265,25,55,3.17
846,1,-0.482422,-2.321162,0.050781,-0.455807,245,270,26,49,2.51
847,1,-1.501953,-2.148340,0.167969,-0.357717,249,283,25,50,2.55
848,1,-0.193359,-0.671746,-0.121094,-0.656303,268,284,25,43,3.16
849,1,1.271484,0.810000,-0.451172,-1.137164,271,281,28,56,1.99
850,1,0.267578,0.046785,-1.437500,-2.140785,262,278,33,45,2.44
851,1,-0.751953,-1.481221,0.140625,-0.650105,263,282,28,45,3.71
852,1,0.121094,-1.014439,0.097656,-0.216787,268,268,28,47,1.42
853,1,-0.068359,-1.342574,-0.322266,-0.692898,272,276,25,47,3.12
854,1,-1.777344,-3.031584,-1.033203,-1.503633,273,277,25,53,3.22
855,1,-1.523438,-1.972375,-0.330078,-0.732229,274,282,25,54,2.03
856,1,0.072266,-0.382957,-1.037109,-1.395951,280,282,27,54,2.65
857,1,-1.949219,-2.295869,-1.503906,-1.969580,277,281,25,52,3.17
858,1,-2.029297,-2.600207,-0.287109,-0.999883,279,275,25,44,3.76
859,1,-0.572266,-0.931445,-0.316406,-1.018963,271,269,27,45,2.66
860,1,-0.246094,-0.612396,-0.027344,-0.877824,270,272,29,47,1.87
861,1,0.150391,-0.646180,-0.445312,-0.843855,272,270,27,53,1.45
862,1,0.298828,0.030969,-0.263672,-0.733221,275,266,29,48,1.48
863,1,-0.394531,-0.785031,-1.380859,-1.939203,275,273,25,45,2.66
864,1,-1.642578,-2.030244,0.103516,-0.261617,278,272,23,46,2.77
865,1,-0.347656,-0.622744,-0.134766,-0.961979,278,270,26,47,2.03
866,1,0.878906,0.390656,0.550781,-0.085398,276,260,26,46,1.98
867,1,0.212891,-0.907268,0.664062,0.090764,281,262,25,49,2.66
868,1,0.132812,-0.429363,-1.000000,-1.502051,292,260,25,45,3.18
869,1,-0.279297,-0.811869,0.609375,-0.620096,282,192,29,47,3.07
870,1,-1.126953,-1.929008,0.707031,0.251482,280,219,25,55,2.39
871,1,-1.283203,-1.878984,0.001953,-0.813625,280,216,26,48,3.72
872,1,-0.267578,-0.814605,-1.722656,-2.216836,275,232,27,45,2.59
873,1,-0.957031,-1.579557,-0.583984,-1.265738,275,228,25,44,3.13
874,1,-0.251953,-0.778947,0.257812,-0.295189,279,234,24,46,1.96
875,1,-0.638672,-1.032072,-0.925781,-1.630014,271,238,28,47,3.17
876,1,-0.871094,-1.323373,-0.531250,-1.012852,257,234,27,47,2.06
877,1,-0.234375,-1.422398,0.220703,-0.539072,270,247,26,49,1.98
878,1,-0.121094,-0.936367,-0.611328,-1.149869,272,247,28,49,2.05
879,1,1.154297,0.641379,0.507812,0.018398,276,250,27,53,1.47
880,1,-0.283203,-1.737703,-1.988281,-2.686766,262,265,27,47,3.05
881,1,-0.714844,-1.162990,0.234375,-0.289695,264,258,25,45,2.04
882,1,-1.582031,-2.264627,-0.832031,-1.419617,278,253,24,44,3.76
883,1,-0.355469,-0.717262,-0.236328,-0.820715,269,266,26,46,2.68
884,1,-0.250000,-0.884406,0.058594,-0.607010,276,258,26,47,2.07
885,1,0.986328,0.654711,-1.548828,-2.083863,272,262,26,47,3.09
886,1,-0.492188,-0.916568,0.121094,-0.296545,276,267,26,52,2.78
887,1,-0.357422,-0.764277,-1.626953,-2.154965,285,264,27,45,2.67
888,1,-0.867188,-1.512523,-0.589844,-1.466373,278,265,25,44,3.25
889,1,-0.732422,-1.367248,0.031250,-0.462922,281,271,28,45,2.03
890,1,-1.070312,-1.653719,0.242188,-0.115643,142,255,26,46,2.40
891,1,-0.697266,-1.832232,0.314453,-0.409135,219,261,24,46,3.13
892,1,-0.683594,-1.317906,-0.207031,-0.698525,223,268,24,48,2.07
893,1,1.005859,0.449396,0.214844,-0.119221,230,272,24,45,2.07
894,1,-0.572266,-1.878350,-1.998047,-2.251707,222,267,24,45,3.63
895,1,-0.917969,-1.504285,-0.107422,-0.479576,225,270,26,45,2.61
896,1,-0.708984,-1.611992,-0.658203,-1.034256,235,264,25,47,2.02
897,1,-0.679688,-1.526943,-0.302734,-0.694930,233,277,26,57,2.03
898,1,-0.152344,-0.577621,-1.191406,-1.527633,241,275,24,50,2.03
899,1,-1.404297,-2.014447,-1.275391,-1.977805,243,270,27,44,2.62
900,1,-0.240234,-0.579840,-0.513672,-1.056908,242,270,24,46,1.33
901,1,-1.296875,-2.380018,-0.068359,-0.492160,250,260,29,44,2.65
902,1,-1.675781,-2.186621,0.160156,-0.310990,259,273,25,57,2.06
903,1,0.761719,-0.061088,0.605469,-0.157055,263,260,27,42,1.97
904,1,0.263672,-0.355965,0.279297,-0.135754,271,266,26,50,2.55
905,1,-0.486328,-1.306629,-0.238281,-0.829865,273,264,25,45,2.06
906,1,-0.218750,-0.821668,-1.363281,-1.898184,278,267,28,43,2.09
907,1,-0.240234,-0.946350,0.025391,-0.371033,271,267,25,46,2.00
908,1,-1.392578,-2.167807,0.025391,-0.967271,278,268,25,45,3.14
909,1,0.265625,-0.199457,-1.486328,-1.877303,274,282,24,48,2.05
910,1,0.316406,-0.182279,-0.101562,-0.665928,282,278,24,46,3.00
911,1,-1.972656,-2.317008,0.421875,-0.437398,287,218,25,49,2.60
912,1,-0.705078,-1.019680,0.091797,-0.380203,306,261,28,46,2.01
913,1,-0.738281,-1.086836,-0.462891,-0.885043,298,260,28,45,1.49
914,1,-2.158203,-2.511602,-1.503906,-2.600090,299,275,30,46,3.75
915,1,0.634766,0.210803,-0.492188,-1.841131,302,265,24,43,2.51
916,1,-0.189453,-2.114848,-0.281250,-0.786881,302,267,26,49,2.58
917,1,-0.835938,-1.654635,-0.273438,-0.765021,298,261,25,46,2.67
918,1,-0.074219,-1.525480,-0.509766,-0.905445,289,257,28,50,3.12
919,1,-1.935547,-2.795859,-0.843750,-1.544475,295,259,26,45,2.58
920,1,-1.103516,-1.764354,-0.898438,-1.556861,271,226,26,46,3.55
921,1,-2.164062,-2.664926,-0.527344,-0.937734,292,248,29,47,2.00
922,1,0.179688,-0.277309,-1.794922,-2.100746,286,256,26,49,2.05
923,1,-0.507812,-1.319320,-0.246094,-0.655320,283,263,23,47,2.04
924,1,-1.271484,-1.653160,-1.894531,-2.490064,276,262,27,49,2.63
925,1,0.193359,-0.293814,-0.603516,-1.119658,281,271,28,44,2.64
926,1,-0.730469,-1.530447,-0.664062,-1.060189,267,257,28,44,2.03
927,1,-0.138672,-0.457254,0.027344,-0.386430,277,253,28,44,2.05
928,1,-0.710938,-0.986469,-0.179688,-0.798770,261,256,28,45,2.01
929,1,-1.013672,-1.582010,-0.810547,-1.264416,265,245,26,45,2.59
930,1,-0.472656,-0.855521,-0.595703,-1.077785,268,248,26,45,2.99
931,1,0.515625,-0.749508,1.177734,0.518551,269,250,29,48,2.50
932,1,0.054688,-0.282676,-0.345703,-0.925713,271,248,25,49,2.07
933,1,-1.486328,-2.065959,-0.376953,-0.774365,261,256,26,49,3.26
934,1,-1.064453,-1.584635,0.187500,-0.195143,167,252,30,44,2.02
935,1,-0.105469,-0.458215,-0.490234,-0.889305,206,252,25,42,3.17
936,1,-0.058594,-0.586367,-1.189453,-1.629990,197,274,29,44,2.04
937,1,-1.492188,-2.250803,-0.439453,-0.882570,220,269,26,49,2.59
938,1,-0.591797,-1.063764,-0.349609,-0.989115,233,277,30,49,3.71
939,1,-0.531250,-1.438203,0.447266,0.048354,238,278,26,43,3.10
940,1,-0.333984,-1.041187,-0.896484,-1.783662,234,264,28,43,2.45
941,1,0.339844,-0.031258,1.423828,1.072375,248,249,23,47,2.05
942,1,-0.146484,-0.550328,-0.845703,-1.630227,260,251,27,48,2.05
943,1,-0.582031,-1.136164,0.099609,-0.334852,249,257,29,46,3.14
944,1,-0.345703,-0.678684,-0.511719,-0.973520,250,257,28,45,2.01
945,1,-0.511719,-1.564322,-0.861328,-1.396719,260,273,31,43,3.74
946,1,-0.777344,-1.110021,-1.066406,-1.601275,261,260,27,44,2.57
947,1,-0.234375,-0.503229,-0.990234,-1.498232,258,262,26,43,2.00
948,1,-0.021484,-0.420834,-0.394531,-0.796279,252,252,27,49,2.62
949,1,-0.476562,-1.682756,-1.392578,-1.817055,256,262,26,42,2.62
950,1,-0.552734,-0.985549,0.027344,-0.373010,262,261,29,46,1.33
951,1,0.615234,0.278326,-1.203125,-2.048645,259,268,27,42,2.59
952,1,0.347656,-0.567887,0.699219,-0.032520,259,271,25,43,3.18
953,1,-0.990234,-1.581307,-0.609375,-1.793438,268,270,28,42,3.11
954,1,-1.792969,-2.131635,0.585938,0.044867,279,262,25,43,3.16
955,1,-0.585938,-1.056691,-0.298828,-0.753268,291,256,30,49,2.57
956,1,-0.191406,-0.659652,0.277344,-0.318563,295,263,29,49,1.45
957,1,-1.070312,-2.170266,-0.570312,-0.929416,281,269,26,44,1.99
958,1,0.203125,-1.080012,0.150391,-0.913854,293,273,28,42,3.68
959,1,0.041016,-0.559305,-1.109375,-1.658490,296,259,26,47,2.03
960,1,-0.289062,-0.923543,-1.601562,-2.242301,296,255,25,45,2.40
961,1,0.542969,-0.468375,-0.199219,-0.632832,290,258,27,45,2.60
962,1,-1.138672,-1.597330,-0.261719,-0.798447,282,259,27,45,2.01
963,1,-1.222656,-1.845637,-0.498047,-0.850717,282,256,28,48,1.97
964,1,-0.517578,-1.552707,-1.285156,-1.658996,283,252,25,47,1.49
965,1,0.097656,-0.436424,0.660156,0.110074,279,261,28,48,1.45
966,1,0.392578,-0.590570,0.398438,-0.074107,281,260,26,46,2.07
967,1,-1.304688,-1.857547,0.357422,-0.094375,272,271,26,46,2.52
968,1,-0.849609,-1.310295,0.802734,-1.076629,284,277,28,48,2.61
969,1,-0.550781,-1.875479,-0.015625,-0.381633,289,291,29,44,2.59
970,1,0.654297,-0.066811,-1.369141,-1.771375,290,279,30,46,1.88
971,1,-1.089844,-1.870988,0.498047,-0.615437,291,289,28,43,3.69
972,1,-0.363281,-1.833191,-0.609375,-1.176955,297,296,31,49,3.15
973,1,-0.160156,-0.668369,-0.460938,-0.983783,303,296,25,46,2.04
974,1,-0.238281,-0.671879,1.091797,0.115146,296,298,26,48,2.57
975,1,0.750000,0.387328,-0.675781,-1.372340,303,293,27,46,3.14
976,1,0.376953,-0.668816,0.820312,0.436553,312,295,26,46,1.45
977,1,-0.369141,-1.154131,-0.939453,-1.301146,310,297,25,50,2.04
978,1,-0.050781,-0.601287,0.480469,0.114168,288,299,27,46,2.50
979,1,-0.642578,-1.193947,0.373047,-0.028154,299,300,30,44,3.65
980,1,0.191406,-0.201664,0.193359,-0.210484,309,296,26,45,1.84
981,1,-1.345703,-2.343744,-1.982422,-2.353375,310,299,27,45,3.64
982,1,-0.537109,-1.211076,0.261719,-0.610996,307,221,27,45,1.45
983,1,0.150391,-0.137914,-1.009766,-1.880070,307,236,26,49,2.02
984,1,-1.142578,-1.672295,-1.394531,-1.899734,306,250,28,48,3.37
985,1,0.814453,0.277914,-1.330078,-1.743102,308,269,25,49,2.59
986,1,-0.244141,-1.441508,-0.691406,-1.021273,302,271,27,46,1.45
987,1,0.767578,-0.135096,-1.515625,-1.816551,302,271,28,45,2.56
988,1,0.412109,-0.131264,-1.505859,-1.897418,302,268,29,45,3.15
989,1,-0.730469,-0.986482,0.054688,-0.375045,305,256,26,43,2.58
990,1,-0.640625,-1.960861,-1.697266,-2.087586,300,265,26,45,3.07
991,1,-1.521484,-2.117975,-0.291016,-0.730170,309,272,24,42,2.58
992,1,-0.785156,-1.168311,-0.480469,-0.919885,305,270,27,45,2.02
993,1,-0.605469,-1.047818,-0.876953,-1.262404,302,275,30,49,2.07
994,1,-0.644531,-1.067260,-0.212891,-0.654963,291,263,30,46,2.62
995,1,0.367188,0.093527,0.695312,0.290352,303,265,30,47,2.02
996,1,-0.167969,-0.793666,-0.152344,-0.473732,306,267,28,44,2.54
997,1,-0.048828,-0.546432,-1.291016,-1.752689,296,270,29,47,2.58
998,1,-0.376953,-1.272502,-0.476562,-0.813727,303,266,24,46,2.00
999,1,-0.449219,-1.026758,-0.683594,-1.124506,301,272,28,43,2.55
1000,1,-0.191406,-0.501687,0.267578,-0.455250,305,276,26,44,1.88
1001,1,0.486328,0.112035,0.326172,-0.080965,304,282,29,45,3.67
1002,1,-1.513672,-2.230961,0.082031,-0.390264,294,276,27,46,3.17
1003,1,-1.259766,-1.769088,-0.183594,-0.703576,297,278,24,48,2.00
1004,1,-1.582031,-2.382754,0.326172,-0.096115,300,277,29,49,3.68
1005,1,0.138672,-0.076172,-0.189453,-0.652111,302,264,26,42,1.43
1006,1,-0.101562,-0.460514,-0.636719,-1.261354,301,270,29,45,3.14
1007,1,0.052734,-0.259648,-0.109375,-0.710580,306,268,31,45,2.60
1008,1,0.554688,0.234541,-1.392578,-1.932500,308,277,28,45,2.60
1009,1,0.125000,-0.184006,-1.382812,-2.086004,301,282,28,43,2.08
1010,1,-0.521484,-1.460215,-0.257812,-1.251768,310,287,27,47,2.93
1011,1,0.187500,-0.647723,-0.259766,-1.092318,301,281,29,46,1.51
1012,1,-1.167969,-1.445680,-0.005859,-0.783783,304,278,27,45,3.66
1013,1,-0.880859,-2.040627,-1.718750,-2.189074,307,279,24,47,2.06
1014,1,-0.826172,-1.046441,-0.822266,-1.289168,310,287,25,50,2.05
1015,1,0.386719,-0.070736,-0.345703,-0.808430,305,280,28,43,2.54
1016,1,-0.453125,-1.530613,-2.291016,-3.152854,223,281,29,48,2.67
1017,1,-0.919922,-1.626611,-1.386719,-2.133889,250,206,26,42,2.02
1018,1,1.802734,-0.416145,-0.443359,-1.047553,277,228,29,42,2.60
1019,1,-0.251953,-1.251340,-0.242188,-1.266420,280,237,29,41,3.62
1020,1,-0.765625,-1.162889,-0.982422,-1.396822,279,232,30,50,1.38
1021,1,0.138672,-0.730600,-1.064453,-1.550100,269,233,28,43,2.62
1022,1,-0.117188,-0.811986,-2.750000,-3.446250,278,224,31,58,2.69
1023,1,-1.080078,-1.603570,-0.330078,-1.467891,287,217,28,50,3.17
1024,1,-0.458984,-0.998969,-1.589844,-2.072658,285,226,30,45,2.00
1025,1,0.902344,0.256154,-0.798828,-1.499549,276,240,28,42,2.03
1026,1,0.652344,-0.827170,-2.019531,-2.428691,194,244,27,42,1.49
1027,1,0.271484,-0.407941,-1.371094,-2.069396,230,249,27,41,2.60
1028,1,-1.386719,-2.049574,0.443359,-0.656785,233,242,28,46,2.59
1029,1,-0.363281,-1.086359,-1.656250,-2.449529,239,253,28,43,2.67
1030,1,-1.726562,-2.188041,-0.048828,-0.951342,234,263,33,43,2.45
1031,1,-1.654297,-3.274299,-0.980469,-1.670273,243,262,25,43,3.32
1032,1,1.503906,-0.970096,-0.515625,-1.252791,244,261,30,51,3.01
1033,1,-0.234375,-1.155506,-1.441406,-2.125488,239,269,33,45,3.66
1034,1,-0.380859,-1.099211,-1.521484,-1.832582,246,274,30,44,2.32
1035,1,0.078125,-0.396521,-1.166016,-1.634238,244,273,35,44,2.41
1036,1,0.048828,-0.454166,-0.689453,-1.201377,238,233,35,46,1.73
1037,1,-0.480469,-1.075406,-0.875000,-1.436395,242,253,32,46,2.26
1038,1,-0.966797,-1.415889,-0.244141,-0.689049,255,251,28,55,2.02
1039,1,-1.269531,-2.296051,-2.968750,-3.504236,247,254,29,44,2.71
1040,1,0.236328,-0.898527,1.585938,0.271715,240,256,29,41,3.09
1041,1,0.187500,-0.530066,-1.267578,-1.982775,239,258,27,42,1.47
1042,1,-0.781250,-1.625811,-0.867188,-1.312689,243,258,28,53,1.51
1043,1,-1.164062,-1.947615,-1.111328,-1.615488,248,265,28,53,2.08
1044,1,-1.582031,-2.211693,-0.542969,-1.036350,240,260,27,45,2.04
1045,1,-0.529297,-1.137006,-0.046875,-1.048367,251,253,28,42,1.97
1046,1,0.068359,-0.353857,-3.199219,-4.149648,248,256,26,41,2.07
1047,1,-1.732422,-2.196863,-2.250000,-2.658572,236,253,26,51,2.03
1048,1,-0.664062,-1.651518,-0.990234,-1.500732,249,252,27,51,2.08
1049,1,-1.304688,-1.904773,-2.000000,-2.605193,238,257,29,42,2.69
1050,1,0.988281,0.311566,-1.972656,-2.551252,253,252,28,51,2.95
1051,1,-1.828125,-2.325551,-0.583984,-1.065115,264,255,27,53,2.57
1052,1,-0.695312,-1.066598,-1.283203,-1.836322,247,254,27,45,1.48
1053,1,-0.246094,-0.660461,-1.322266,-2.239627,273,248,29,47,2.00
1054,1,-0.287109,-1.183740,-0.365234,-0.809820,269,235,31,51,1.50
1055,1,-1.080078,-1.596707,-1.175781,-1.795088,264,246,26,48,2.10
1056,1,0.175781,-0.391920,-2.169922,-3.130104,262,252,26,47,3.82
1057,1,-1.064453,-2.250588,-2.095703,-2.725469,259,268,30,43,2.63
1058,1,-0.855469,-1.095359,-2.439453,-2.874082,256,260,31,50,1.49
1059,1,0.542969,-0.168426,-1.101562,-1.714736,261,267,29,50,2.51
1060,1,0.144531,-0.200057,-1.484375,-2.016430,264,272,33,47,1.32
1061,1,-0.099609,-0.429152,0.140625,-0.328533,262,272,28,41,2.63
1062,1,0.320312,0.097672,-1.917969,-2.338232,270,271,28,43,2.53
1063,1,0.357422,-0.352365,-0.396484,-0.935945,273,272,28,46,3.67
1064,1,1.156250,0.746180,-1.496094,-1.930496,276,274,28,44,2.58
1065,1,-0.427734,-0.810588,-1.636719,-2.374734,264,280,28,40,2.03
1066,1,-0.910156,-1.271838,-2.353516,-2.844535,270,277,32,46,2.57
1067,1,-0.734375,-1.915857,-2.671875,-3.645277,282,285,29,42,3.70
1068,1,-0.277344,-0.686533,-1.648438,-2.236736,281,283,27,46,2.09
1069,1,-1.154297,-1.963383,0.281250,-0.460330,274,284,27,44,3.14
1070,1,-0.005859,-0.435504,-0.328125,-0.851725,277,288,28,42,1.86
1071,1,-0.150391,-0.534029,-1.070312,-1.486102,276,285,26,43,3.02
1072,1,-0.341797,-1.166645,-0.771484,-1.118842,263,287,28,43,2.07
1073,1,-1.597656,-2.276426,-1.644531,-2.076248,266,287,28,46,2.07
1074,1,-0.158203,-0.740021,-0.570312,-1.220072,259,287,32,46,2.61
1075,1,-1.388672,-1.923693,-2.501953,-2.941381,259,275,29,44,4.17
1076,1,-2.224609,-2.926217,-2.587891,-3.072748,257,268,29,40,2.65
1077,1,-0.078125,-0.435117,-0.898438,-1.605996,269,271,31,45,2.03
1078,1,-0.492188,-0.837582,-1.197266,-2.227160,277,268,30,46,3.11
1079,1,0.146484,-1.635262,-2.199219,-2.504451,275,272,26,44,2.83
1080,1,-1.007812,-1.372586,-1.009766,-1.378793,283,276,25,46,2.46
1081,1,-0.132812,-0.690525,-0.986328,-1.562318,274,200,26,41,2.05
1082,1,-1.289062,-1.662426,-2.712891,-3.496285,271,237,27,46,2.57
1083,1,-0.351562,-0.816996,-0.666016,-1.100275,270,241,28,44,2.60
1084,1,-0.001953,-0.707016,-0.425781,-1.151006,280,236,28,45,1.50
1085,1,-0.189453,-0.668844,-1.525391,-1.763391,291,233,31,43,1.49
1086,1,-0.191406,-0.449418,0.714844,0.199855,297,243,28,41,2.60
1087,1,-0.138672,-0.775553,-1.306641,-2.451340,287,240,27,47,2.49
1088,1,0.373047,-0.102590,-1.730469,-2.195045,292,247,29,43,1.50
1089,1,-1.031250,-1.319164,-1.486328,-2.032594,294,247,26,50,1.50
1090,1,-0.697266,-1.097510,-0.751953,-1.130520,293,246,26,47,1.34
1091,1,-0.896484,-1.577984,-1.214844,-1.737344,291,245,29,45,2.07
1092,1,-1.722656,-2.239939,-0.291016,-1.029957,287,247,30,50,3.13
1093,1,0.175781,-0.286125,-2.423828,-2.905385,290,267,30,45,2.59
1094,1,0.007812,-0.649639,-1.695312,-2.624029,282,277,27,45,2.07
1095,1,-0.017578,-0.283975,-1.093750,-1.630973,286,271,28,46,1.42
1096,1,-1.244141,-1.477850,-0.560547,-1.082547,289,280,29,45,2.08
1097,1,0.732422,0.360520,-1.277344,-1.815402,292,276,26,46,2.55
1098,1,-0.802734,-1.021852,-1.531250,-1.959180,279,281,31,48,2.06
1099,1,-0.115234,-0.348828,-2.021484,-2.374549,285,280,30,48,2.72
1100,1,0.451172,0.147068,0.142578,-0.933818,283,283,26,48,2.50
1101,1,-1.152344,-1.660363,-0.617188,-1.128365,281,281,28,43,4.21
1102,1,-1.183594,-1.447133,-2.710938,-3.060477,284,288,31,44,2.11
1103,1,-0.285156,-0.598371,-1.861328,-2.534438,298,287,24,43,3.14
1104,1,-2.263672,-2.598279,-1.591797,-1.993930,288,290,27,44,2.06
1105,1,-0.683594,-1.430342,-1.451172,-1.890564,172,291,30,47,1.52
1106,1,-1.419922,-2.065283,-0.939453,-1.414131,236,291,31,44,2.15
1107,1,-0.242188,-0.910797,-2.341797,-2.915154,272,292,31,48,2.05
1108,1,-0.009766,-0.767188,-1.447266,-1.831229,272,293,35,48,2.09
1109,1,-0.142578,-0.597303,0.812500,0.175654,269,297,30,46,4.30
1110,1,0.488281,-0.003447,-0.191406,-0.733828,282,294,28,45,1.89
1111,1,-0.845703,-1.205133,-0.373047,-1.015688,275,290,31,49,2.78
1112,1,-1.171875,-2.117268,-3.802734,-4.597375,274,284,28,49,2.63
1113,1,0.044922,-0.341350,-2.927734,-3.481227,280,283,26,45,2.59
1114,1,-0.630859,-1.151961,-0.927734,-1.404773,274,288,32,45,3.78
1115,1,-0.470703,-1.177119,-1.207031,-1.890037,276,289,27,43,2.73
1116,1,-0.605469,-1.061344,-0.900391,-1.403262,282,295,30,46,1.49
1117,1,-0.421875,-1.023760,-1.222656,-1.570965,286,289,30,47,2.64
1118,1,-0.558594,-1.369623,-2.380859,-2.755795,288,282,30,48,3.18
1119,1,-2.318359,-3.283328,-1.824219,-2.370850,294,292,28,42,3.71
1120,1,-0.919922,-1.413838,-1.458984,-2.094992,293,290,26,46,2.45
1121,1,-0.033203,-0.471191,-2.759766,-3.249285,288,273,25,47,3.60
1122,1,-0.496094,-0.722393,-1.656250,-2.752891,294,275,29,42,2.67
1123,1,-0.822266,-1.371340,-1.123047,-1.594982,286,283,26,51,2.04
1124,1,-1.179688,-2.595838,-0.898438,-1.314752,294,286,27,41,3.22
1125,1,-0.597656,-0.904031,-1.599609,-2.236828,288,290,29,47,1.51
1126,1,-0.708984,-0.913221,-1.472656,-2.104145,286,275,28,45,1.49
1127,1,-0.660156,-0.937025,-1.615234,-1.982027,289,203,30,52,2.08
1128,1,-2.306641,-2.771078,-2.531250,-3.084199,284,218,26,49,2.72
1129,1,-0.544922,-1.363855,-2.699219,-3.590098,281,229,26,47,3.66
1130,1,-0.734375,-1.196359,-0.699219,-1.246949,282,243,25,45,3.51
1131,1,-0.462891,-0.701199,-0.558594,-1.055314,279,243,27,46,3.37
1132,1,-0.480469,-0.818920,-1.240234,-1.868520,281,253,28,52,3.14
1133,1,0.400391,-0.282740,-2.064453,-2.558781,281,264,29,54,2.98
1134,1,-0.554688,-0.869793,-0.826172,-1.228898,279,267,26,47,2.32
1135,1,-0.468750,-0.698980,-2.037109,-2.525748,280,274,29,49,1.65
1136,1,-0.431641,-1.021033,-1.181641,-1.582637,272,274,26,46,2.32
1137,1,-2.673828,-3.573895,-1.742188,-2.470395,284,283,30,42,3.46
1138,1,-1.396484,-1.763768,0.042969,-0.668500,176,285,25,50,3.08
1139,1,-0.115234,-0.801947,-3.857422,-4.544123,238,287,28,45,4.57
1140,1,0.103516,-0.148965,0.164062,-0.415783,235,291,28,46,2.46
1141,1,-0.849609,-1.458354,-2.289062,-2.737721,231,295,27,50,2.69
1142,1,-0.455078,-0.895086,-2.744141,-3.201852,237,285,25,46,2.67
1143,1,0.304688,-0.436943,0.064453,-0.813813,228,289,28,41,3.19
1144,1,-1.513672,-1.922371,-1.298828,-1.788293,245,287,24,53,2.61
1145,1,0.375000,-0.487094,-1.341797,-1.990338,264,275,28,51,2.63
1146,1,0.796875,0.256039,-0.898438,-1.444918,264,282,29,49,2.03
1147,1,-0.292969,-1.339660,-1.035156,-1.330100,266,281,25,42,1.48
1148,1,-0.792969,-1.424475,-1.273438,-2.015402,273,289,25,52,2.04
1149,1,-0.792969,-2.142605,-0.929688,-1.457729,280,290,26,52,2.15
1150,1,-1.035156,-1.829104,-1.984375,-2.529146,282,201,26,51,2.42
1151,1,0.464844,-0.182336,-0.035156,-0.813340,269,229,28,52,3.15
1152,1,-1.994141,-2.370053,-1.527344,-2.032316,278,228,27,50,2.66
1153,1,0.712891,0.452061,-0.320312,-0.785908,279,235,32,54,1.45
1154,1,-1.953125,-2.592914,-0.515625,-1.801760,279,248,24,46,3.12
1155,1,-0.955078,-2.119262,-2.191406,-2.628373,278,250,24,51,3.16
1156,1,-0.445312,-1.026119,-0.251953,-1.046227,289,258,28,49,3.24
1157,1,-0.382812,-0.824959,-0.646484,-1.410838,286,249,24,52,3.18
1158,1,-0.279297,-0.884975,-1.248047,-1.675182,283,255,28,49,1.45
1159,1,-2.025391,-2.622629,-1.457031,-1.776488,288,252,27,52,2.63
1160,1,-1.121094,-1.558787,-1.687500,-2.090359,291,250,26,51,1.90
1161,1,-0.234375,-0.748615,-0.505859,-0.989828,285,255,30,58,3.19
1162,1,0.037109,-0.991951,-0.976562,-1.356119,283,261,26,50,3.12
1163,1,-0.783203,-1.982092,-3.056641,-3.870289,289,264,28,55,3.37
1164,1,-0.343750,-1.015900,-1.685547,-2.747625,284,264,29,44,3.08
1165,1,0.169922,-0.635219,-2.041016,-2.458424,286,258,28,46,2.04
1166,1,-0.271484,-1.510949,-0.808594,-1.203230,293,245,27,51,2.58
1167,1,-0.384766,-0.978709,-2.406250,-2.833652,290,253,28,48,2.64
1168,1,0.216797,-0.170889,-0.951172,-1.371482,280,255,33,47,2.05
1169,1,-0.527344,-1.174959,-1.494141,-1.841506,301,249,27,51,2.61
1170,1,-2.109375,-2.630861,-0.746094,-1.191537,305,246,28,48,2.46
1171,1,-0.039062,-1.079971,-1.158203,-1.468758,302,242,26,48,2.72
1172,1,-0.369141,-0.733516,-1.714844,-2.085365,301,244,25,49,3.17
1173,1,-0.966797,-1.346412,-0.617188,-1.020010,304,248,28,44,2.57
1174,1,-0.517578,-1.241123,-2.123047,-2.521676,303,249,26,49,2.62
1175,1,-0.394531,-0.644174,-0.218750,-0.814480,298,245,28,49,2.61
1176,1,-0.716797,-1.777402,-4.033203,-4.710625,298,258,26,49,3.72
1177,1,0.468750,-0.161521,-0.796875,-1.179586,290,262,27,51,2.09
1178,1,0.226562,-0.446424,-1.404297,-1.870729,291,249,27,45,2.09
1179,1,-1.107422,-2.305746,-1.970703,-2.379635,282,251,26,47,3.15
1180,1,0.617188,0.157348,-1.539062,-1.866217,280,254,28,47,1.95
1181,1,1.175781,-0.161184,-0.800781,-1.265318,285,193,26,47,2.66
1182,1,-0.068359,-0.567375,-0.785156,-1.430541,289,211,24,44,2.10
1183,1,-0.097656,-0.761590,-0.908203,-1.568660,290,227,25,46,3.15
1184,1,-1.410156,-2.163242,-2.371094,-2.862363,299,228,25,49,2.63
1185,1,-0.214844,-1.327178,-1.492188,-2.048313,290,246,28,45,2.04
1186,1,-1.388672,-1.690146,-1.404297,-2.360549,283,250,28,44,2.62
1187,1,-0.927734,-1.315574,-0.894531,-1.273693,291,255,27,50,2.37
1188,1,-0.791016,-1.351748,-0.886719,-1.296066,303,253,26,50,2.07
1189,1,-0.498047,-0.927199,-1.701172,-2.567648,301,257,32,47,2.60
1190,1,-0.519531,-2.146805,0.238281,-0.495572,298,261,24,46,3.01
1191,1,-0.613281,-0.986367,-1.775391,-2.231244,302,271,25,53,3.24
1192,1,-0.818359,-1.828539,-1.734375,-2.312514,310,264,25,44,2.65
1193,1,0.087891,-0.180641,-1.291016,-1.812828,304,263,24,45,2.09
1194,1,0.580078,-0.121982,-0.949219,-1.510785,130,261,31,51,2.03
1195,1,0.199219,-0.350582,-1.421875,-1.845008,173,267,28,49,2.08
1196,1,-0.603516,-1.204568,-0.851562,-1.505510,209,274,27,51,3.21
1197,1,-0.078125,-0.431473,-1.496094,-2.108691,208,270,28,47,3.41
1198,1,-0.908203,-1.398574,-1.572266,-2.498336,219,271,24,48,3.17
1199,1,-2.710938,-3.314871,-1.074219,-1.660486,212,265,25,46,3.72
