generation,phase,lead_best_fitness,lead_avg_fitness,follow_best_fitness,follow_avg_fitness,lead_n_species,follow_n_species,lead_n_connections_best,follow_n_connections_best,lead_val_acc,follow_val_acc,fixed_probe_delta,elapsed_sec
0,0,0.236562,0.236562,0.258108,0.258108,0,0,0,0,0.238956,0.259036,0.000000,0.14
1,0,0.236562,0.236562,0.258108,0.258108,1,1,0,0,0.238956,0.259036,0.000000,0.15
2,0,0.524434,0.237425,0.258108,0.258108,1,1,1,0,0.522088,0.259036,0.000000,0.17
3,0,0.524434,0.242321,0.258108,0.258108,14,20,1,3,0.522088,0.259036,0.000000,0.17
4,0,0.524434,0.257042,0.258108,0.258108,20,20,2,1,0.522088,0.259036,0.000000,0.23
5,0,0.524434,0.301036,0.258108,0.258108,20,20,2,3,0.522088,0.259036,0.000000,0.26
6,0,0.524434,0.376972,0.258108,0.258108,20,20,3,2,0.522088,0.259036,0.000000,0.19
7,0,0.524656,0.429346,0.258108,0.258108,20,20,3,2,0.522088,0.259036,0.000000,0.28
8,0,0.524656,0.441024,0.258108,0.258108,20,20,3,2,0.522088,0.259036,0.000000,0.24
9,0,0.525544,0.448364,0.258108,0.258108,20,20,3,2,0.526104,0.259036,0.000000,0.23
10,0,0.525544,0.457235,0.258108,0.258108,20,20,3,2,0.526104,0.259036,0.000000,0.21
11,0,0.526655,0.460087,0.258108,0.258108,20,20,5,3,0.514056,0.259036,0.000000,0.21
12,0,0.526655,0.470144,0.258108,0.258108,20,20,5,4,0.514056,0.259036,0.000000,0.41
13,0,0.526655,0.472653,0.258108,0.258108,20,20,5,3,0.514056,0.259036,0.000000,0.34
14,0,0.526655,0.474229,0.258108,0.258108,20,20,5,2,0.514056,0.259036,0.000000,0.37
15,0,0.526655,0.471343,0.349622,0.258199,20,20,5,3,0.514056,0.367470,0.000000,0.28
16,0,0.526655,0.476179,0.349622,0.258651,20,20,5,3,0.514056,0.367470,0.000000,0.36
17,0,0.526655,0.482364,0.349622,0.261081,20,20,5,3,0.514056,0.367470,0.000000,0.24
18,0,0.526655,0.486588,0.483785,0.271658,20,20,7,2,0.514056,0.481928,0.000000,0.38
19,0,0.526655,0.484532,0.483785,0.287256,20,20,6,2,0.514056,0.481928,0.000000,0.32
20,0,0.526655,0.486934,0.483785,0.312251,20,20,6,2,0.514056,0.481928,0.000000,0.27
21,0,0.526655,0.485281,0.483785,0.352770,20,20,9,4,0.514056,0.481928,0.000000,0.25
22,0,0.526655,0.484385,0.484673,0.393987,20,20,8,8,0.514056,0.481928,0.000000,0.25
23,0,0.526655,0.490458,0.485340,0.429073,20,20,9,10,0.514056,0.489960,0.000000,0.25
24,0,0.526655,0.494232,0.485340,0.454142,20,20,7,10,0.514056,0.489960,0.000000,0.38
25,0,0.526877,0.491902,0.485340,0.459904,20,20,8,10,0.514056,0.489960,0.000000,0.38
26,0,0.526877,0.492729,0.485340,0.464934,20,20,8,10,0.514056,0.489960,0.000000,0.36
27,0,0.527321,0.494562,0.485340,0.462428,20,20,10,11,0.514056,0.489960,0.000000,0.36
28,0,0.527321,0.506307,0.485340,0.461938,20,20,10,10,0.514056,0.489960,0.000000,0.35
29,0,0.527321,0.508355,0.485340,0.461901,20,20,10,10,0.514056,0.489960,0.000000,0.36
30,0,0.527321,0.511720,0.485340,0.460331,20,20,11,14,0.514056,0.489960,0.000000,0.35
31,0,0.527543,0.511741,0.485340,0.460987,20,20,9,12,0.518072,0.489960,0.000000,0.34
32,0,0.527543,0.514115,0.485340,0.462243,20,20,9,11,0.518072,0.489960,0.000000,0.34
33,0,0.527543,0.516248,0.485340,0.455463,20,20,13,9,0.518072,0.489960,0.000000,0.38
34,0,0.527543,0.520555,0.485784,0.461157,20,20,9,12,0.518072,0.493976,0.000000,0.45
35,0,0.528210,0.518298,0.488450,0.455718,20,20,12,15,0.518072,0.502008,0.000000,0.34
36,0,0.528210,0.522298,0.488450,0.460438,20,20,12,15,0.518072,0.502008,0.000000,0.38
37,0,0.528210,0.523309,0.488450,0.460731,20,20,12,15,0.518072,0.502008,0.000000,0.39
38,0,0.528210,0.521209,0.488450,0.459720,20,20,12,15,0.518072,0.502008,0.000000,0.37
39,0,0.528210,0.522450,0.488450,0.455422,20,20,13,15,0.518072,0.502008,0.000000,0.50
40,0,0.528210,0.524066,0.488450,0.460956,20,20,12,15,0.518072,0.502008,0.000000,0.35
41,0,0.528210,0.524220,0.488450,0.451896,20,20,14,15,0.518072,0.502008,0.000000,0.37
42,0,0.528210,0.523718,0.488450,0.453066,20,20,13,15,0.518072,0.502008,0.000000,0.36
43,0,0.528210,0.523999,0.488450,0.457048,20,20,14,15,0.518072,0.502008,0.000000,0.35
44,0,0.528210,0.524275,0.488450,0.462380,20,20,13,19,0.518072,0.502008,0.000000,0.43
45,0,0.528210,0.524043,0.488450,0.465957,20,20,13,15,0.518072,0.502008,0.000000,0.41
46,0,0.528210,0.522695,0.488450,0.461389,20,20,13,15,0.518072,0.502008,0.000000,0.41
47,0,0.535318,0.523043,0.488450,0.463647,20,20,14,15,0.528112,0.502008,0.000000,0.39
48,0,0.535318,0.524159,0.488450,0.460759,20,20,14,17,0.528112,0.502008,0.000000,0.44
49,0,0.535318,0.523944,0.488450,0.460739,20,20,14,15,0.528112,0.502008,0.000000,0.52
50,0,0.535318,0.523902,0.488450,0.459612,20,20,14,15,0.528112,0.502008,0.000000,0.43
51,0,0.535318,0.524033,0.488450,0.458635,20,20,14,15,0.528112,0.502008,0.000000,0.42
52,0,0.535318,0.525142,0.488672,0.452165,20,20,14,17,0.528112,0.502008,0.000000,0.47
53,0,0.535318,0.525056,0.488672,0.442890,20,20,14,17,0.528112,0.502008,0.000000,0.50
54,0,0.535318,0.523325,0.488672,0.456404,20,20,15,17,0.528112,0.502008,0.000000,0.46
55,0,0.535318,0.523042,0.488672,0.452579,20,20,14,18,0.528112,0.502008,0.000000,0.42
56,0,0.535318,0.520873,0.488894,0.452510,20,20,14,19,0.528112,0.504016,0.000000,0.50
57,0,0.535318,0.525861,0.488894,0.452203,20,20,14,19,0.528112,0.504016,0.000000,0.53
58,0,0.535318,0.526931,0.488894,0.439544,20,20,14,19,0.528112,0.504016,0.000000,0.49
59,0,0.535318,0.527734,0.488894,0.440423,20,20,14,20,0.528112,0.504016,0.000000,0.60
60,0,0.535318,0.525911,0.488894,0.441472,20,20,14,19,0.528112,0.504016,0.000000,0.52
61,0,0.535318,0.525877,0.488894,0.435335,20,20,14,19,0.528112,0.504016,0.000000,0.50
62,0,0.535318,0.525570,0.488894,0.437139,20,20,18,19,0.528112,0.504016,0.000000,0.46
63,0,0.535318,0.526836,0.488894,0.442045,20,20,16,19,0.528112,0.504016,0.000000,0.51
64,0,0.535318,0.527581,0.488894,0.441651,20,20,16,19,0.528112,0.504016,0.000000,0.46
65,0,0.535318,0.526583,0.488894,0.444859,20,20,16,19,0.528112,0.504016,0.000000,0.48
66,0,0.535318,0.526927,0.488894,0.445094,20,20,15,19,0.528112,0.504016,0.000000,0.46
67,0,0.535318,0.528414,0.488894,0.448078,20,20,16,18,0.528112,0.504016,0.000000,0.53
68,0,0.535318,0.529111,0.488894,0.451486,20,20,21,19,0.528112,0.504016,0.000000,0.47
69,0,0.535318,0.528546,0.488894,0.462692,20,20,15,19,0.528112,0.504016,0.000000,0.60
70,0,0.535318,0.529619,0.488894,0.471214,20,20,13,19,0.528112,0.504016,0.000000,0.48
71,0,0.535318,0.528695,0.489116,0.465149,20,20,18,22,0.528112,0.504016,0.000000,0.58
72,0,0.535318,0.529206,0.489116,0.465319,20,20,20,22,0.528112,0.504016,0.000000,0.52
73,0,0.535318,0.528886,0.489116,0.466656,20,20,15,22,0.528112,0.504016,0.000000,0.50
74,0,0.535318,0.529347,0.489116,0.466204,20,20,17,21,0.528112,0.504016,0.000000,0.51
75,0,0.535318,0.528877,0.489116,0.465512,20,20,15,22,0.528112,0.504016,0.000000,0.55
76,0,0.535318,0.530260,0.489116,0.466758,20,20,19,22,0.528112,0.504016,0.000000,0.52
77,0,0.535318,0.525257,0.489116,0.469078,20,20,16,22,0.528112,0.504016,0.000000,0.51
78,0,0.535318,0.523659,0.489116,0.461307,20,20,25,24,0.528112,0.504016,0.000000,0.64
79,0,0.535318,0.522794,0.489116,0.463798,20,20,21,22,0.528112,0.504016,0.000000,0.68
80,0,0.535318,0.521293,0.489116,0.468943,20,20,20,23,0.528112,0.504016,0.000000,0.56
81,0,0.535318,0.524047,0.489116,0.464351,20,20,13,22,0.528112,0.504016,0.000000,0.58
82,0,0.535318,0.525407,0.489116,0.466906,20,20,16,23,0.528112,0.504016,0.000000,0.57
83,0,0.535318,0.525088,0.489116,0.466840,20,20,23,26,0.528112,0.504016,0.000000,0.56
84,0,0.535318,0.526530,0.489116,0.466577,20,20,25,24,0.528112,0.504016,0.000000,0.63
85,0,0.535318,0.527167,0.489116,0.461486,20,20,20,26,0.528112,0.504016,0.000000,0.58
86,0,0.535984,0.525374,0.489116,0.466900,20,20,20,28,0.528112,0.504016,0.000000,0.53
87,0,0.535984,0.526703,0.489116,0.459099,20,20,20,21,0.528112,0.504016,0.000000,0.62
88,0,0.535984,0.524296,0.489116,0.462687,20,20,20,21,0.528112,0.504016,0.000000,0.62
89,0,0.535984,0.524185,0.489116,0.466586,20,20,20,26,0.528112,0.504016,0.000000,0.67
90,0,0.535984,0.526178,0.489116,0.469533,20,20,19,25,0.528112,0.504016,0.000000,0.68
91,0,0.535984,0.527690,0.489116,0.468527,20,20,20,24,0.528112,0.504016,0.000000,0.56
92,0,0.535984,0.524729,0.489116,0.470060,20,20,24,25,0.528112,0.504016,0.000000,0.55
93,0,0.535984,0.528373,0.489116,0.470379,20,20,24,29,0.528112,0.504016,0.000000,0.65
94,0,0.535984,0.527065,0.489116,0.471864,20,20,21,23,0.528112,0.504016,0.000000,0.62
95,0,0.535984,0.524013,0.489116,0.471381,20,20,19,23,0.528112,0.504016,0.000000,0.61
96,0,0.535984,0.527002,0.489116,0.469909,20,20,20,23,0.528112,0.504016,0.000000,0.66
97,0,0.535984,0.527179,0.489116,0.472975,20,20,19,24,0.528112,0.504016,0.000000,0.64
98,0,0.535984,0.527745,0.489116,0.471390,20,20,19,23,0.528112,0.504016,0.000000,0.58
99,0,0.535984,0.526218,0.489116,0.476766,20,20,20,24,0.528112,0.504016,0.000000,0.83
100,1,0.142578,-0.134211,0.142578,-0.134211,20,20,21,23,0.000000,0.000000,1.292969,1.57
101,1,0.859375,0.259010,0.859375,0.259010,20,20,20,23,0.000000,0.000000,0.000000,1.56
102,1,0.478516,0.107684,0.478516,0.107684,20,20,22,19,0.000000,0.000000,0.000000,1.52
103,1,1.617188,0.787930,1.617188,0.787930,20,20,18,22,0.000000,0.000000,0.000000,2.22
104,1,0.746094,0.215941,0.746094,0.215941,20,20,21,21,0.000000,0.000000,0.000000,2.39
105,1,0.978516,0.330223,0.978516,0.330223,20,20,22,25,0.000000,0.000000,0.000000,1.69
106,1,0.669922,0.320471,0.669922,0.320471,20,20,20,21,0.000000,0.000000,0.000000,2.20
107,1,0.167969,-0.220826,0.167969,-0.220826,20,20,16,10,0.000000,0.000000,0.000000,1.66
108,1,0.730469,-0.004426,0.730469,-0.004426,20,20,20,21,0.000000,0.000000,0.000000,2.87
109,1,1.269531,0.532813,1.269531,0.532813,20,20,21,22,0.000000,0.000000,0.000000,2.45
110,1,0.644531,0.319211,0.644531,0.319211,20,20,21,22,0.000000,0.000000,0.000000,2.24
111,1,0.611328,-0.035668,0.611328,-0.035668,20,20,23,24,0.000000,0.000000,0.000000,2.23
112,1,0.353516,-0.035248,0.353516,-0.035248,20,20,23,20,0.000000,0.000000,0.000000,1.10
113,1,0.449219,0.089938,0.449219,0.089938,20,20,26,22,0.000000,0.000000,0.000000,2.33
114,1,1.392578,0.922160,1.392578,0.922160,20,20,21,24,0.000000,0.000000,0.000000,1.10
115,1,0.667969,0.086158,0.667969,0.086158,20,20,21,22,0.000000,0.000000,0.000000,1.62
116,1,0.763672,0.245227,0.763672,0.245227,20,20,24,26,0.000000,0.000000,0.000000,1.53
117,1,1.345703,0.883553,1.345703,0.883553,20,20,17,21,0.000000,0.000000,0.000000,2.49
118,1,0.667969,0.016119,0.667969,0.016119,20,20,18,20,0.000000,0.000000,0.000000,2.45
119,1,1.015625,0.223914,1.015625,0.223914,20,20,28,31,0.000000,0.000000,0.000000,3.40
120,1,0.292969,-0.034314,0.292969,-0.034314,20,20,28,35,0.000000,0.000000,0.000000,1.84
121,1,1.300781,0.751777,1.300781,0.751777,20,20,24,31,0.000000,0.000000,0.000000,1.86
122,1,0.957031,0.426787,0.957031,0.426787,20,20,26,40,0.000000,0.000000,0.000000,2.70
123,1,0.902344,0.340887,0.902344,0.340887,20,20,21,21,0.000000,0.000000,0.000000,1.17
124,1,0.449219,-0.382773,0.449219,-0.382773,20,20,27,33,0.000000,0.000000,0.000000,1.88
125,1,1.001953,0.572926,1.001953,0.572926,20,20,18,23,0.000000,0.000000,1.566406,1.88
126,1,0.861328,0.508006,0.861328,0.508006,20,20,27,36,0.000000,0.000000,0.000000,2.07
127,1,0.199219,-0.364080,0.199219,-0.364080,20,20,31,34,0.000000,0.000000,0.000000,2.61
128,1,0.240234,-0.484377,0.240234,-0.484377,20,20,33,30,0.000000,0.000000,0.000000,1.86
129,1,0.664062,0.228990,0.664062,0.228990,20,20,31,27,0.000000,0.000000,0.000000,3.40
130,1,1.376953,0.880061,1.376953,0.880061,20,20,31,35,0.000000,0.000000,0.000000,2.76
131,1,0.505859,-0.050713,0.505859,-0.050713,20,20,24,22,0.000000,0.000000,0.000000,1.95
132,1,0.484375,0.065617,0.484375,0.065617,20,20,30,32,0.000000,0.000000,0.000000,2.02
133,1,1.330078,0.907100,1.330078,0.907100,20,20,32,27,0.000000,0.000000,0.000000,2.53
134,1,0.466797,-0.047807,0.466797,-0.047807,20,20,30,42,0.000000,0.000000,0.000000,3.48
135,1,0.587891,-0.132871,0.587891,-0.132871,20,20,26,28,0.000000,0.000000,0.000000,2.85
136,1,0.533203,0.098045,0.533203,0.098045,20,20,36,31,0.000000,0.000000,0.000000,1.20
137,1,1.125000,0.725725,1.125000,0.725725,20,20,32,31,0.000000,0.000000,0.000000,1.91
138,1,1.179688,0.844705,1.179688,0.844705,20,20,34,44,0.000000,0.000000,0.000000,2.08
139,1,0.595703,0.008059,0.595703,0.008059,20,20,39,43,0.000000,0.000000,0.000000,2.32
140,1,0.500000,0.142035,0.500000,0.142035,20,20,37,50,0.000000,0.000000,0.000000,2.68
141,1,1.152344,0.726398,1.152344,0.726398,20,20,37,45,0.000000,0.000000,0.000000,2.63
142,1,1.312500,1.039777,1.312500,1.039777,20,20,30,27,0.000000,0.000000,0.000000,2.20
143,1,0.492188,0.056393,0.492188,0.056393,20,20,35,45,0.000000,0.000000,0.000000,2.65
144,1,0.478516,-0.211184,0.478516,-0.211184,20,20,40,46,0.000000,0.000000,0.000000,1.27
145,1,0.167969,-0.594549,0.167969,-0.594549,20,20,29,24,0.000000,0.000000,0.000000,2.61
146,1,0.978516,0.346535,0.978516,0.346535,20,20,38,46,0.000000,0.000000,0.000000,2.74
147,1,0.884766,0.417701,0.884766,0.417701,20,20,40,47,0.000000,0.000000,0.000000,3.23
148,1,0.939453,0.477666,0.939453,0.477666,20,20,34,44,0.000000,0.000000,0.000000,1.32
149,1,0.658203,0.308523,0.658203,0.308523,20,20,34,46,0.000000,0.000000,0.000000,3.38
150,1,0.886719,0.479322,0.886719,0.479322,20,20,45,36,0.000000,0.000000,1.410156,1.31
151,1,0.636719,0.201004,0.636719,0.201004,20,20,37,43,0.000000,0.000000,0.000000,2.79
152,1,0.443359,-0.214402,0.443359,-0.214402,20,20,34,42,0.000000,0.000000,0.000000,2.90
153,1,0.791016,0.221496,0.791016,0.221496,20,20,30,34,0.000000,0.000000,0.000000,2.91
154,1,0.900391,0.451180,0.900391,0.451180,20,20,42,50,0.000000,0.000000,0.000000,3.77
155,1,0.792969,0.134287,0.792969,0.134287,20,20,36,50,0.000000,0.000000,0.000000,2.11
156,1,0.806641,0.268234,0.806641,0.268234,20,20,36,40,0.000000,0.000000,0.000000,2.09
157,1,0.638672,0.259254,0.638672,0.259254,20,20,43,40,0.000000,0.000000,0.000000,2.19
158,1,1.136719,0.656563,1.136719,0.656563,20,20,38,46,0.000000,0.000000,0.000000,2.82
159,1,0.267578,-0.652240,0.267578,-0.652240,20,20,41,52,0.000000,0.000000,0.000000,2.22
160,1,0.951172,0.335279,0.951172,0.335279,20,20,39,42,0.000000,0.000000,0.000000,3.93
161,1,0.656250,0.194406,0.656250,0.194406,20,20,46,53,0.000000,0.000000,0.000000,3.13
162,1,1.156250,0.613770,1.156250,0.613770,20,20,38,35,0.000000,0.000000,0.000000,2.60
163,1,0.876953,0.345705,0.876953,0.345705,20,20,34,45,0.000000,0.000000,0.000000,2.80
164,1,0.724609,0.301682,0.724609,0.301682,20,20,42,61,0.000000,0.000000,0.000000,3.19
165,1,1.382812,0.669178,1.382812,0.669178,20,20,36,44,0.000000,0.000000,0.000000,2.34
166,1,0.160156,-0.319342,0.160156,-0.319342,20,20,40,38,0.000000,0.000000,0.000000,2.27
167,1,0.632812,-0.018457,0.632812,-0.018457,20,20,44,64,0.000000,0.000000,0.000000,3.09
168,1,1.308594,0.674301,1.308594,0.674301,20,20,46,52,0.000000,0.000000,0.000000,3.26
169,1,0.560547,-0.152449,0.560547,-0.152449,20,20,44,50,0.000000,0.000000,0.000000,3.25
170,1,1.236328,0.583918,1.236328,0.583918,20,20,40,62,0.000000,0.000000,0.000000,3.53
171,1,0.847656,0.390133,0.847656,0.390133,20,20,47,60,0.000000,0.000000,0.000000,2.50
172,1,0.578125,0.092994,0.578125,0.092994,20,20,46,52,0.000000,0.000000,0.000000,2.49
173,1,0.544922,0.199240,0.544922,0.199240,20,20,38,51,0.000000,0.000000,0.000000,3.30
174,1,0.671875,0.252941,0.671875,0.252941,20,20,21,23,0.000000,0.000000,0.000000,2.41
175,1,0.722656,0.225156,0.722656,0.225156,20,20,43,50,0.000000,0.000000,1.660156,1.78
176,1,1.007812,0.526971,1.007812,0.526971,20,20,51,55,0.000000,0.000000,0.000000,3.20
177,1,0.279297,-0.463430,0.279297,-0.463430,20,20,46,60,0.000000,0.000000,0.000000,2.43
178,1,0.734375,0.162764,0.734375,0.162764,20,20,21,23,0.000000,0.000000,0.000000,2.95
179,1,0.992188,0.489770,0.992188,0.489770,20,20,48,47,0.000000,0.000000,0.000000,4.28
180,1,0.763672,0.444469,0.763672,0.444469,20,20,45,47,0.000000,0.000000,0.000000,4.41
181,1,0.923828,0.437299,0.923828,0.437299,20,20,39,48,0.000000,0.000000,0.000000,3.06
182,1,0.863281,0.433760,0.863281,0.433760,20,20,47,54,0.000000,0.000000,0.000000,3.65
183,1,1.085938,0.387002,1.085938,0.387002,20,20,43,54,0.000000,0.000000,0.000000,3.76
184,1,0.726562,0.273076,0.726562,0.273076,20,20,52,74,0.000000,0.000000,0.000000,3.80
185,1,1.074219,0.603336,1.074219,0.603336,20,20,38,50,0.000000,0.000000,0.000000,3.54
186,1,0.359375,-0.031330,0.359375,-0.031330,20,20,37,36,0.000000,0.000000,0.000000,3.78
187,1,0.898438,0.448625,0.898438,0.448625,20,20,38,47,0.000000,0.000000,0.000000,3.70
188,1,1.023438,0.344406,1.023438,0.344406,20,20,52,80,0.000000,0.000000,0.000000,4.43
189,1,0.785156,0.389734,0.785156,0.389734,20,20,38,35,0.000000,0.000000,0.000000,4.23
190,1,1.404297,1.003756,1.404297,1.003756,20,20,42,53,0.000000,0.000000,0.000000,3.82
191,1,1.027344,0.515855,1.027344,0.515855,20,20,48,63,0.000000,0.000000,0.000000,1.85
192,1,0.525391,0.179176,0.525391,0.179176,20,20,54,60,0.000000,0.000000,0.000000,2.76
193,1,1.166016,0.711070,1.166016,0.711070,20,20,55,79,0.000000,0.000000,0.000000,3.82
194,1,0.408203,0.066023,0.408203,0.066023,20,20,57,80,0.000000,0.000000,0.000000,1.78
195,1,1.677734,1.352979,1.677734,1.352979,20,20,38,51,0.000000,0.000000,0.000000,2.82
196,1,0.396484,-0.169959,0.396484,-0.169959,20,20,59,76,0.000000,0.000000,0.000000,3.13
197,1,1.617188,1.002363,1.617188,1.002363,20,20,51,69,0.000000,0.000000,0.000000,2.90
198,1,0.369141,-0.075133,0.369141,-0.075133,20,20,52,69,0.000000,0.000000,0.000000,3.05
199,1,0.697266,0.369359,0.697266,0.369359,20,20,58,78,0.000000,0.000000,0.000000,2.64
200,1,0.542969,-0.211578,0.542969,-0.211578,20,20,63,74,0.000000,0.000000,1.710938,3.12
201,1,1.173828,0.678629,1.173828,0.678629,20,20,64,77,0.000000,0.000000,0.000000,4.15
202,1,0.822266,0.325203,0.822266,0.325203,20,20,66,58,0.000000,0.000000,0.000000,4.32
203,1,0.802734,0.311904,0.802734,0.311904,20,20,62,73,0.000000,0.000000,0.000000,4.31
204,1,0.488281,0.227164,0.488281,0.227164,20,20,61,77,0.000000,0.000000,0.000000,4.38
205,1,1.009766,0.390229,1.009766,0.390229,20,20,62,76,0.000000,0.000000,0.000000,4.03
206,1,0.253906,-0.137949,0.253906,-0.137949,20,20,62,77,0.000000,0.000000,0.000000,3.06
207,1,0.986328,0.505689,0.986328,0.505689,20,20,42,53,0.000000,0.000000,0.000000,3.37
208,1,0.511719,0.227934,0.511719,0.227934,20,20,38,45,0.000000,0.000000,0.000000,5.59
209,1,0.535156,0.028836,0.535156,0.028836,20,20,56,69,0.000000,0.000000,0.000000,3.45
210,1,1.025391,0.636750,1.025391,0.636750,20,20,35,45,0.000000,0.000000,0.000000,3.24
211,1,1.134766,0.608639,1.134766,0.608639,20,20,70,63,0.000000,0.000000,0.000000,3.20
212,1,0.273438,-0.286127,0.273438,-0.286127,20,20,36,47,0.000000,0.000000,0.000000,3.53
213,1,0.816406,0.162391,0.816406,0.162391,20,20,63,80,0.000000,0.000000,0.000000,5.54
214,1,0.904297,0.473885,0.904297,0.473885,20,20,59,65,0.000000,0.000000,0.000000,3.48
215,1,1.906250,1.361602,1.906250,1.361602,20,20,74,65,0.000000,0.000000,0.000000,3.78
216,1,1.013672,0.524422,1.013672,0.524422,20,20,74,65,0.000000,0.000000,0.000000,4.26
217,1,0.937500,0.440520,0.937500,0.440520,20,20,71,79,0.000000,0.000000,0.000000,4.66
218,1,0.898438,0.644730,0.898438,0.644730,20,20,36,49,0.000000,0.000000,0.000000,3.03
219,1,0.832031,0.265359,0.832031,0.265359,20,20,72,84,0.000000,0.000000,0.000000,2.59
220,1,0.423828,-0.465254,0.423828,-0.465254,20,20,43,55,0.000000,0.000000,0.000000,4.46
221,1,0.634766,0.224660,0.634766,0.224660,20,20,83,66,0.000000,0.000000,0.000000,2.60
222,1,1.484375,0.932521,1.484375,0.932521,20,20,40,56,0.000000,0.000000,0.000000,3.95
223,1,0.806641,0.523215,0.806641,0.523215,20,20,73,84,0.000000,0.000000,0.000000,3.38
224,1,0.996094,0.542693,0.996094,0.542693,20,20,74,66,0.000000,0.000000,0.000000,2.38
225,1,0.605469,0.315549,0.605469,0.315549,20,20,66,88,0.000000,0.000000,1.390625,3.51
226,1,0.792969,0.369488,0.792969,0.369488,20,20,59,78,0.000000,0.000000,0.000000,3.25
227,1,0.814453,0.478982,0.814453,0.478982,20,20,38,50,0.000000,0.000000,0.000000,4.41
228,1,1.160156,0.758988,1.160156,0.758988,20,20,73,63,0.000000,0.000000,0.000000,4.68
229,1,1.386719,1.001057,1.386719,1.001057,20,20,70,87,0.000000,0.000000,0.000000,4.14
230,1,0.164062,-0.392020,0.164062,-0.392020,20,20,66,78,0.000000,0.000000,0.000000,4.03
231,1,0.919922,0.403074,0.919922,0.403074,20,20,39,51,0.000000,0.000000,0.000000,4.92
232,1,0.710938,0.323766,0.710938,0.323766,20,20,71,89,0.000000,0.000000,0.000000,3.90
233,1,1.048828,0.682539,1.048828,0.682539,20,20,62,93,0.000000,0.000000,0.000000,4.09
234,1,1.013672,0.635777,1.013672,0.635777,20,20,70,90,0.000000,0.000000,0.000000,3.43
235,1,0.984375,0.623807,0.984375,0.623807,20,20,72,84,0.000000,0.000000,0.000000,6.19
236,1,0.132812,-0.230252,0.132812,-0.230252,20,20,64,92,0.000000,0.000000,0.000000,7.16
237,1,0.849609,0.172893,0.849609,0.172893,20,20,42,58,0.000000,0.000000,0.000000,6.93
238,1,0.636719,0.176174,0.636719,0.176174,20,20,71,89,0.000000,0.000000,0.000000,5.43
239,1,0.771484,0.474291,0.771484,0.474291,20,20,75,100,0.000000,0.000000,0.000000,3.40
240,1,0.941406,0.583268,0.941406,0.583268,20,20,66,95,0.000000,0.000000,0.000000,4.09
241,1,0.820312,0.524740,0.820312,0.524740,20,20,75,89,0.000000,0.000000,0.000000,4.41
242,1,0.640625,0.310168,0.640625,0.310168,20,20,76,89,0.000000,0.000000,0.000000,3.24
243,1,0.972656,0.684869,0.972656,0.684869,20,20,77,84,0.000000,0.000000,0.000000,3.24
244,1,0.501953,0.039404,0.501953,0.039404,20,20,41,47,0.000000,0.000000,0.000000,4.21
245,1,0.619141,0.365395,0.619141,0.365395,20,20,81,97,0.000000,0.000000,0.000000,3.85
246,1,0.324219,-0.270480,0.324219,-0.270480,20,20,69,98,0.000000,0.000000,0.000000,3.74
247,1,1.406250,1.003029,1.406250,1.003029,20,20,70,100,0.000000,0.000000,0.000000,5.91
248,1,0.988281,0.686227,0.988281,0.686227,20,20,72,98,0.000000,0.000000,0.000000,2.82
249,1,1.464844,1.147430,1.464844,1.147430,20,20,76,99,0.000000,0.000000,0.000000,4.89
250,1,1.197266,0.782727,1.197266,0.782727,20,20,70,95,0.000000,0.000000,1.304688,4.27
251,1,0.507812,0.209406,0.507812,0.209406,20,20,71,93,0.000000,0.000000,0.000000,5.35
252,1,0.763672,0.353455,0.763672,0.353455,20,20,73,95,0.000000,0.000000,0.000000,5.61
253,1,0.925781,0.625451,0.925781,0.625451,20,20,71,93,0.000000,0.000000,0.000000,4.06
254,1,1.142578,0.843463,1.142578,0.843463,20,20,73,95,0.000000,0.000000,0.000000,4.31
255,1,0.794922,0.503633,0.794922,0.503633,20,20,83,72,0.000000,0.000000,0.000000,4.76
256,1,0.281250,0.040730,0.281250,0.040730,20,20,85,101,0.000000,0.000000,0.000000,5.12
257,1,0.585938,0.174143,0.585938,0.174143,20,20,99,94,0.000000,0.000000,0.000000,5.05
258,1,0.931641,0.571943,0.931641,0.571943,20,20,95,103,0.000000,0.000000,0.000000,5.71
259,1,0.107422,-0.387268,0.107422,-0.387268,20,20,81,103,0.000000,0.000000,0.000000,4.94
260,1,0.810547,0.529297,0.810547,0.529297,20,20,81,106,0.000000,0.000000,0.000000,5.73
261,1,0.439453,-0.174854,0.439453,-0.174854,20,20,91,93,0.000000,0.000000,0.000000,4.31
262,1,0.638672,0.435299,0.638672,0.435299,20,20,71,92,0.000000,0.000000,0.000000,3.18
263,1,0.509766,0.208771,0.509766,0.208771,20,20,78,103,0.000000,0.000000,0.000000,3.12
264,1,0.351562,0.057807,0.351562,0.057807,20,20,36,45,0.000000,0.000000,0.000000,4.47
265,1,0.464844,-0.282660,0.464844,-0.282660,20,20,86,104,0.000000,0.000000,0.000000,4.80
266,1,0.939453,0.535246,0.939453,0.535246,20,20,75,107,0.000000,0.000000,0.000000,4.79
267,1,0.470703,-0.131283,0.470703,-0.131283,20,20,84,104,0.000000,0.000000,0.000000,4.55
268,1,0.552734,0.243635,0.552734,0.243635,20,20,86,109,0.000000,0.000000,0.000000,6.33
269,1,0.585938,0.130098,0.585938,0.130098,20,20,82,108,0.000000,0.000000,0.000000,4.86
270,1,0.541016,-0.553506,0.541016,-0.553506,20,20,89,114,0.000000,0.000000,0.000000,4.82
271,1,0.667969,0.174836,0.667969,0.174836,20,20,87,109,0.000000,0.000000,0.000000,5.23
272,1,0.277344,-0.024643,0.277344,-0.024643,20,20,84,111,0.000000,0.000000,0.000000,6.46
273,1,0.794922,0.478824,0.794922,0.478824,20,20,84,111,0.000000,0.000000,0.000000,3.71
274,1,0.617188,0.261758,0.617188,0.261758,20,20,89,113,0.000000,0.000000,0.000000,4.63
275,1,0.869141,0.374615,0.869141,0.374615,20,20,80,105,0.000000,0.000000,1.652344,4.83
276,1,0.375000,0.034732,0.375000,0.034732,20,20,94,117,0.000000,0.000000,0.000000,5.88
277,1,1.267578,0.922068,1.267578,0.922068,20,20,83,103,0.000000,0.000000,0.000000,4.51
278,1,0.628906,0.104055,0.628906,0.104055,20,20,99,104,0.000000,0.000000,0.000000,6.86
279,1,2.017578,1.384918,2.017578,1.384918,20,20,91,97,0.000000,0.000000,0.000000,5.72
280,1,1.007812,0.607229,1.007812,0.607229,20,20,90,114,0.000000,0.000000,0.000000,6.28
281,1,0.972656,0.679047,0.972656,0.679047,20,20,105,105,0.000000,0.000000,0.000000,5.05
282,1,0.343750,-0.277004,0.343750,-0.277004,20,20,73,105,0.000000,0.000000,0.000000,4.68
283,1,0.671875,0.363303,0.671875,0.363303,20,20,94,115,0.000000,0.000000,0.000000,3.64
284,1,1.429688,0.918619,1.429688,0.918619,20,20,93,115,0.000000,0.000000,0.000000,3.32
285,1,0.451172,0.162242,0.451172,0.162242,20,20,114,107,0.000000,0.000000,0.000000,3.41
286,1,0.533203,0.303816,0.533203,0.303816,20,20,96,120,0.000000,0.000000,0.000000,3.68
287,1,0.748047,0.364436,0.748047,0.364436,20,20,94,117,0.000000,0.000000,0.000000,8.30
288,1,0.740234,0.293547,0.740234,0.293547,20,20,87,120,0.000000,0.000000,0.000000,5.36
289,1,0.369141,-0.217584,0.369141,-0.217584,20,20,101,119,0.000000,0.000000,0.000000,5.59
290,1,0.746094,0.456010,0.746094,0.456010,20,20,93,120,0.000000,0.000000,0.000000,3.62
291,1,0.904297,0.449270,0.904297,0.449270,20,20,85,110,0.000000,0.000000,0.000000,5.31
292,1,1.423828,0.811965,1.423828,0.811965,20,20,95,119,0.000000,0.000000,0.000000,4.92
293,1,1.087891,0.681250,1.087891,0.681250,20,20,98,122,0.000000,0.000000,0.000000,5.02
294,1,0.564453,0.146471,0.564453,0.146471,20,20,93,117,0.000000,0.000000,0.000000,7.31
295,1,1.111328,0.739225,1.111328,0.739225,20,20,93,117,0.000000,0.000000,0.000000,4.14
296,1,0.818359,0.543271,0.818359,0.543271,20,20,92,129,0.000000,0.000000,0.000000,3.93
297,1,0.738281,0.427678,0.738281,0.427678,20,20,100,124,0.000000,0.000000,0.000000,4.10
298,1,0.578125,0.225117,0.578125,0.225117,20,20,99,121,0.000000,0.000000,0.000000,5.82
299,1,1.000000,0.569928,1.000000,0.569928,20,20,106,117,0.000000,0.000000,0.000000,5.50
300,1,1.056641,0.576807,1.056641,0.576807,20,20,101,129,0.000000,0.000000,1.414062,7.06
301,1,0.873047,0.566416,0.873047,0.566416,20,20,105,123,0.000000,0.000000,0.000000,4.46
302,1,0.542969,0.072801,0.542969,0.072801,20,20,108,129,0.000000,0.000000,0.000000,4.19
303,1,1.308594,0.838395,1.308594,0.838395,20,20,99,128,0.000000,0.000000,0.000000,5.50
304,1,0.273438,-0.238383,0.273438,-0.238383,20,20,101,130,0.000000,0.000000,0.000000,5.11
305,1,0.353516,-0.264723,0.353516,-0.264723,20,20,108,134,0.000000,0.000000,0.000000,5.44
306,1,0.980469,0.600016,0.980469,0.600016,20,20,110,128,0.000000,0.000000,0.000000,7.05
307,1,0.593750,0.036850,0.593750,0.036850,20,20,109,126,0.000000,0.000000,0.000000,6.00
308,1,0.654297,0.249633,0.654297,0.249633,20,20,93,136,0.000000,0.000000,0.000000,6.07
309,1,0.335938,-0.287922,0.335938,-0.287922,20,20,93,136,0.000000,0.000000,0.000000,5.33
310,1,0.345703,0.001342,0.345703,0.001342,20,20,97,138,0.000000,0.000000,0.000000,7.42
311,1,0.533203,0.176604,0.533203,0.176604,20,20,100,137,0.000000,0.000000,0.000000,8.23
312,1,0.505859,-0.220350,0.505859,-0.220350,20,20,109,133,0.000000,0.000000,0.000000,6.54
313,1,0.990234,0.504262,0.990234,0.504262,20,20,107,127,0.000000,0.000000,0.000000,7.66
314,1,1.236328,0.866572,1.236328,0.866572,20,20,103,139,0.000000,0.000000,0.000000,6.02
315,1,1.558594,1.183557,1.558594,1.183557,20,20,103,129,0.000000,0.000000,0.000000,5.84
316,1,0.414062,-0.044941,0.414062,-0.044941,20,20,114,133,0.000000,0.000000,0.000000,9.06
317,1,0.509766,0.136285,0.509766,0.136285,20,20,114,133,0.000000,0.000000,0.000000,8.35
318,1,0.648438,0.322738,0.648438,0.322738,20,20,104,139,0.000000,0.000000,0.000000,4.83
319,1,0.958984,0.101408,0.958984,0.101408,20,20,106,140,0.000000,0.000000,0.000000,4.99
320,1,1.115234,0.658396,1.115234,0.658396,20,20,90,132,0.000000,0.000000,0.000000,6.18
321,1,0.605469,-0.084939,0.605469,-0.084939,20,20,100,128,0.000000,0.000000,0.000000,8.25
322,1,0.818359,0.305086,0.818359,0.305086,20,20,111,142,0.000000,0.000000,0.000000,6.72
323,1,0.167969,-0.196270,0.167969,-0.196270,20,20,111,132,0.000000,0.000000,0.000000,6.82
324,1,0.986328,0.548656,0.986328,0.548656,20,20,106,135,0.000000,0.000000,0.000000,6.63
325,1,0.585938,0.102281,0.585938,0.102281,20,20,106,143,0.000000,0.000000,1.425781,8.00
326,1,0.421875,-0.023639,0.421875,-0.023639,20,20,100,145,0.000000,0.000000,0.000000,6.46
327,1,0.361328,-0.051879,0.361328,-0.051879,20,20,109,138,0.000000,0.000000,0.000000,9.45
328,1,0.923828,0.452168,0.923828,0.452168,20,20,113,135,0.000000,0.000000,0.000000,5.95
329,1,0.457031,0.011818,0.457031,0.011818,20,20,109,146,0.000000,0.000000,0.000000,6.79
330,1,0.736328,0.364443,0.736328,0.364443,20,20,101,141,0.000000,0.000000,0.000000,4.82
331,1,0.943359,0.298236,0.943359,0.298236,20,20,111,148,0.000000,0.000000,0.000000,4.78
332,1,0.960938,0.618807,0.960938,0.618807,20,20,108,153,0.000000,0.000000,0.000000,8.33
333,1,0.636719,0.399570,0.636719,0.399570,20,20,116,143,0.000000,0.000000,0.000000,8.93
334,1,0.382812,-0.173723,0.382812,-0.173723,20,20,104,145,0.000000,0.000000,0.000000,7.96
335,1,0.574219,0.108527,0.574219,0.108527,20,20,109,141,0.000000,0.000000,0.000000,8.28
336,1,1.367188,0.982924,1.367188,0.982924,20,20,104,127,0.000000,0.000000,0.000000,5.33
337,1,0.417969,-0.415035,0.417969,-0.415035,20,20,114,149,0.000000,0.000000,0.000000,7.42
338,1,0.195312,-0.171016,0.195312,-0.171016,20,20,119,152,0.000000,0.000000,0.000000,7.17
339,1,0.369141,-0.286705,0.369141,-0.286705,20,20,114,153,0.000000,0.000000,0.000000,7.81
340,1,0.556641,0.101904,0.556641,0.101904,20,20,108,141,0.000000,0.000000,0.000000,7.22
341,1,0.525391,0.059150,0.525391,0.059150,20,20,124,159,0.000000,0.000000,0.000000,7.16
342,1,1.105469,0.470338,1.105469,0.470338,20,20,117,143,0.000000,0.000000,0.000000,7.64
343,1,0.673828,0.317451,0.673828,0.317451,20,20,124,145,0.000000,0.000000,0.000000,5.50
344,1,1.093750,0.626934,1.093750,0.626934,20,20,107,150,0.000000,0.000000,0.000000,6.89
345,1,0.449219,0.114340,0.449219,0.114340,20,20,110,145,0.000000,0.000000,0.000000,6.71
346,1,0.679688,0.443752,0.679688,0.443752,20,20,117,163,0.000000,0.000000,0.000000,6.72
347,1,0.449219,-0.020936,0.449219,-0.020936,20,20,115,148,0.000000,0.000000,0.000000,7.02
348,1,1.109375,0.746623,1.109375,0.746623,20,20,123,154,0.000000,0.000000,0.000000,7.44
349,1,1.062500,0.459592,1.062500,0.459592,20,20,124,159,0.000000,0.000000,0.000000,5.39
350,1,1.218750,0.643213,1.218750,0.643213,20,20,115,147,0.000000,0.000000,1.101562,5.36
351,1,0.738281,0.344094,0.738281,0.344094,20,20,130,157,0.000000,0.000000,0.000000,7.61
352,1,0.083984,-0.331869,0.083984,-0.331869,20,20,127,153,0.000000,0.000000,0.000000,7.01
353,1,0.865234,0.404051,0.865234,0.404051,20,20,133,162,0.000000,0.000000,0.000000,5.79
354,1,0.541016,-0.140139,0.541016,-0.140139,20,20,131,160,0.000000,0.000000,0.000000,5.70
355,1,1.402344,0.847363,1.402344,0.847363,20,20,126,148,0.000000,0.000000,0.000000,6.05
356,1,0.279297,-0.063117,0.279297,-0.063117,20,20,131,167,0.000000,0.000000,0.000000,9.07
357,1,0.931641,0.270537,0.931641,0.270537,20,20,133,158,0.000000,0.000000,0.000000,5.61
358,1,0.263672,-0.285248,0.263672,-0.285248,20,20,132,168,0.000000,0.000000,0.000000,9.26
359,1,0.968750,0.254557,0.968750,0.254557,20,20,129,165,0.000000,0.000000,0.000000,5.95
360,1,0.744141,0.199371,0.744141,0.199371,20,20,132,171,0.000000,0.000000,0.000000,5.74
361,1,1.142578,0.571131,1.142578,0.571131,20,20,134,164,0.000000,0.000000,0.000000,5.73
362,1,0.166016,-0.628672,0.166016,-0.628672,20,20,127,167,0.000000,0.000000,0.000000,7.89
363,1,0.554688,0.137025,0.554688,0.137025,20,20,140,167,0.000000,0.000000,0.000000,6.57
364,1,0.421875,-0.093066,0.421875,-0.093066,20,20,137,158,0.000000,0.000000,0.000000,8.69
365,1,0.234375,-0.203596,0.234375,-0.203596,20,20,137,168,0.000000,0.000000,0.000000,6.40
366,1,0.791016,0.104426,0.791016,0.104426,20,20,130,165,0.000000,0.000000,0.000000,4.80
367,1,0.541016,0.168373,0.541016,0.168373,20,20,141,160,0.000000,0.000000,0.000000,6.30
368,1,0.767578,0.013633,0.767578,0.013633,20,20,136,168,0.000000,0.000000,0.000000,4.66
369,1,1.494141,0.785139,1.494141,0.785139,20,20,136,171,0.000000,0.000000,0.000000,5.22
370,1,1.287109,0.690432,1.287109,0.690432,20,20,138,170,0.000000,0.000000,0.000000,6.72
371,1,0.591797,0.116609,0.591797,0.116609,20,20,145,176,0.000000,0.000000,0.000000,6.59
372,1,0.119141,-0.149703,0.119141,-0.149703,20,20,134,171,0.000000,0.000000,0.000000,5.36
373,1,0.292969,-0.101955,0.292969,-0.101955,20,20,146,178,0.000000,0.000000,0.000000,10.36
374,1,0.462891,0.012467,0.462891,0.012467,20,20,142,178,0.000000,0.000000,0.000000,6.49
375,1,0.812500,0.258121,0.812500,0.258121,20,20,144,177,0.000000,0.000000,1.019531,5.44
376,1,1.000000,0.446104,1.000000,0.446104,20,20,140,171,0.000000,0.000000,0.000000,5.56
377,1,0.654297,0.350236,0.654297,0.350236,20,20,147,186,0.000000,0.000000,0.000000,5.94
378,1,0.789062,0.407596,0.789062,0.407596,20,20,137,167,0.000000,0.000000,0.000000,7.61
379,1,0.597656,0.258699,0.597656,0.258699,20,20,125,143,0.000000,0.000000,0.000000,6.02
380,1,0.781250,0.492088,0.781250,0.492088,20,20,142,172,0.000000,0.000000,0.000000,5.74
381,1,0.884766,0.597768,0.884766,0.597768,20,20,137,176,0.000000,0.000000,0.000000,6.42
382,1,0.953125,0.563564,0.953125,0.563564,20,20,140,170,0.000000,0.000000,0.000000,8.00
383,1,0.080078,-0.519850,0.080078,-0.519850,20,20,141,172,0.000000,0.000000,0.000000,7.66
384,1,0.843750,0.473250,0.843750,0.473250,20,20,125,146,0.000000,0.000000,0.000000,7.67
385,1,1.093750,0.672637,1.093750,0.672637,20,20,138,175,0.000000,0.000000,0.000000,5.98
386,1,0.828125,0.371193,0.828125,0.371193,20,20,142,181,0.000000,0.000000,0.000000,6.07
387,1,0.498047,0.281328,0.498047,0.281328,20,20,147,177,0.000000,0.000000,0.000000,9.66
388,1,0.785156,0.510633,0.785156,0.510633,20,20,147,181,0.000000,0.000000,0.000000,6.27
389,1,0.347656,-0.129340,0.347656,-0.129340,20,20,147,180,0.000000,0.000000,0.000000,8.68
390,1,0.988281,0.679510,0.988281,0.679510,20,20,144,183,0.000000,0.000000,0.000000,8.65
391,1,0.658203,0.368209,0.658203,0.368209,20,20,129,178,0.000000,0.000000,0.000000,6.58
392,1,0.164062,-0.220781,0.164062,-0.220781,20,20,145,176,0.000000,0.000000,0.000000,8.42
393,1,0.343750,-0.011766,0.343750,-0.011766,20,20,151,185,0.000000,0.000000,0.000000,6.22
394,1,0.740234,0.493412,0.740234,0.493412,20,20,129,163,0.000000,0.000000,0.000000,8.21
395,1,1.427734,1.097826,1.427734,1.097826,20,20,147,182,0.000000,0.000000,0.000000,5.58
396,1,0.142578,-0.153467,0.142578,-0.153467,20,20,140,178,0.000000,0.000000,0.000000,5.19
397,1,0.390625,-0.171377,0.390625,-0.171377,20,20,153,180,0.000000,0.000000,0.000000,6.81
398,1,1.371094,0.943941,1.371094,0.943941,20,20,140,167,0.000000,0.000000,0.000000,5.28
399,1,0.652344,0.319461,0.652344,0.319461,20,20,154,179,0.000000,0.000000,0.000000,8.25
400,1,0.792969,0.403457,0.792969,0.403457,20,20,142,169,0.000000,0.000000,1.164062,7.58
401,1,0.394531,-0.045924,0.394531,-0.045924,20,20,151,180,0.000000,0.000000,0.000000,11.05
402,1,0.498047,0.250090,0.498047,0.250090,20,20,164,183,0.000000,0.000000,0.000000,10.40
403,1,0.464844,0.174174,0.464844,0.174174,20,20,157,185,0.000000,0.000000,0.000000,7.29
404,1,0.861328,0.459006,0.861328,0.459006,20,20,148,182,0.000000,0.000000,0.000000,5.85
405,1,0.599609,0.112191,0.599609,0.112191,20,20,143,171,0.000000,0.000000,0.000000,7.77
406,1,0.732422,0.003553,0.732422,0.003553,20,20,166,182,0.000000,0.000000,0.000000,8.35
407,1,0.990234,0.560115,0.990234,0.560115,20,20,148,183,0.000000,0.000000,0.000000,5.96
408,1,0.683594,0.411557,0.683594,0.411557,20,20,135,179,0.000000,0.000000,0.000000,7.60
409,1,0.238281,-0.549979,0.238281,-0.549979,20,20,152,187,0.000000,0.000000,0.000000,8.30
410,1,0.882812,0.492234,0.882812,0.492234,20,20,148,167,0.000000,0.000000,0.000000,6.60
411,1,0.892578,0.407559,0.892578,0.407559,20,20,164,191,0.000000,0.000000,0.000000,7.95
412,1,0.712891,0.323943,0.712891,0.323943,20,20,167,186,0.000000,0.000000,0.000000,7.38
413,1,0.248047,-0.233678,0.248047,-0.233678,20,20,168,192,0.000000,0.000000,0.000000,8.77
414,1,0.765625,0.362689,0.765625,0.362689,20,20,141,165,0.000000,0.000000,0.000000,7.67
415,1,0.816406,0.532986,0.816406,0.532986,20,20,149,178,0.000000,0.000000,0.000000,6.26
416,1,0.267578,-0.014674,0.267578,-0.014674,20,20,166,184,0.000000,0.000000,0.000000,6.54
417,1,1.093750,0.794139,1.093750,0.794139,20,20,171,193,0.000000,0.000000,0.000000,7.89
418,1,0.062500,-0.437828,0.062500,-0.437828,20,20,150,169,0.000000,0.000000,0.000000,6.11
419,1,0.933594,0.661836,0.933594,0.661836,20,20,167,193,0.000000,0.000000,0.000000,8.12
420,1,0.681641,-0.009725,0.681641,-0.009725,20,20,156,186,0.000000,0.000000,0.000000,7.75
421,1,0.607422,0.252004,0.607422,0.252004,20,20,153,182,0.000000,0.000000,0.000000,6.29
422,1,0.599609,0.209107,0.599609,0.209107,20,20,160,192,0.000000,0.000000,0.000000,7.26
423,1,0.261719,-0.164721,0.261719,-0.164721,20,20,158,190,0.000000,0.000000,0.000000,6.17
424,1,0.800781,0.360586,0.800781,0.360586,20,20,157,172,0.000000,0.000000,0.000000,6.51
425,1,0.464844,0.117078,0.464844,0.117078,20,20,154,189,0.000000,0.000000,1.261719,9.10
426,1,0.427734,0.059637,0.427734,0.059637,20,20,151,187,0.000000,0.000000,0.000000,6.74
427,1,0.623047,0.274141,0.623047,0.274141,20,20,154,172,0.000000,0.000000,0.000000,7.28
428,1,0.443359,0.102838,0.443359,0.102838,20,20,175,206,0.000000,0.000000,0.000000,8.14
429,1,0.703125,0.295789,0.703125,0.295789,20,20,174,192,0.000000,0.000000,0.000000,8.67
430,1,0.783203,0.372734,0.783203,0.372734,20,20,128,150,0.000000,0.000000,0.000000,8.27
431,1,0.632812,0.185773,0.632812,0.185773,20,20,173,184,0.000000,0.000000,0.000000,8.07
432,1,0.771484,0.398830,0.771484,0.398830,20,20,159,188,0.000000,0.000000,0.000000,10.52
433,1,1.005859,0.619154,1.005859,0.619154,20,20,182,197,0.000000,0.000000,0.000000,8.46
434,1,0.318359,-0.097350,0.318359,-0.097350,20,20,171,196,0.000000,0.000000,0.000000,7.33
435,1,0.791016,0.258477,0.791016,0.258477,20,20,169,188,0.000000,0.000000,0.000000,12.36
436,1,0.748047,0.219229,0.748047,0.219229,20,20,159,192,0.000000,0.000000,0.000000,9.65
437,1,0.882812,0.601574,0.882812,0.601574,20,20,170,191,0.000000,0.000000,0.000000,8.76
438,1,0.662109,0.413973,0.662109,0.413973,20,20,174,198,0.000000,0.000000,0.000000,7.18
439,1,0.820312,0.380805,0.820312,0.380805,20,20,160,197,0.000000,0.000000,0.000000,7.13
440,1,0.244141,-0.129531,0.244141,-0.129531,20,20,167,194,0.000000,0.000000,0.000000,10.15
441,1,0.820312,0.598627,0.820312,0.598627,20,20,173,191,0.000000,0.000000,0.000000,9.70
442,1,0.863281,0.536687,0.863281,0.536687,20,20,184,197,0.000000,0.000000,0.000000,12.54
443,1,0.269531,-0.100244,0.269531,-0.100244,20,20,171,194,0.000000,0.000000,0.000000,10.41
444,1,0.654297,0.196113,0.654297,0.196113,20,20,172,198,0.000000,0.000000,0.000000,7.30
445,1,0.732422,0.292924,0.732422,0.292924,20,20,154,177,0.000000,0.000000,0.000000,9.02
446,1,1.013672,0.757197,1.013672,0.757197,20,20,166,178,0.000000,0.000000,0.000000,8.23
447,1,0.720703,0.155773,0.720703,0.155773,20,20,154,175,0.000000,0.000000,0.000000,6.98
448,1,0.767578,0.546887,0.767578,0.546887,20,20,170,176,0.000000,0.000000,0.000000,9.31
449,1,0.478516,0.182787,0.478516,0.182787,20,20,176,198,0.000000,0.000000,0.000000,7.11
450,1,0.810547,0.485227,0.810547,0.485227,20,20,160,171,0.000000,0.000000,1.156250,7.06
451,1,0.544922,0.128576,0.544922,0.128576,20,20,181,196,0.000000,0.000000,0.000000,9.32
452,1,0.744141,0.318512,0.744141,0.318512,20,20,154,181,0.000000,0.000000,0.000000,8.32
453,1,1.171875,0.831914,1.171875,0.831914,20,20,180,198,0.000000,0.000000,0.000000,7.03
454,1,0.599609,0.311035,0.599609,0.311035,20,20,168,181,0.000000,0.000000,0.000000,7.44
455,1,0.664062,0.125404,0.664062,0.125404,20,20,160,185,0.000000,0.000000,0.000000,9.36
456,1,0.662109,0.321420,0.662109,0.321420,20,20,169,199,0.000000,0.000000,0.000000,11.92
457,1,0.593750,0.060004,0.593750,0.060004,20,20,176,201,0.000000,0.000000,0.000000,12.24
458,1,0.990234,0.697088,0.990234,0.697088,20,20,128,152,0.000000,0.000000,0.000000,8.10
459,1,0.962891,0.448535,0.962891,0.448535,20,20,183,197,0.000000,0.000000,0.000000,8.55
460,1,0.419922,0.145570,0.419922,0.145570,20,20,172,196,0.000000,0.000000,0.000000,10.23
461,1,0.976562,0.513754,0.976562,0.513754,20,20,181,205,0.000000,0.000000,0.000000,9.26
462,1,1.363281,1.082564,1.363281,1.082564,20,20,158,185,0.000000,0.000000,0.000000,8.01
463,1,0.304688,0.023549,0.304688,0.023549,20,20,178,200,0.000000,0.000000,0.000000,13.80
464,1,0.441406,0.051586,0.441406,0.051586,20,20,186,203,0.000000,0.000000,0.000000,7.79
465,1,0.578125,-0.278115,0.578125,-0.278115,20,20,185,211,0.000000,0.000000,0.000000,8.01
466,1,0.388672,-0.104551,0.388672,-0.104551,20,20,182,212,0.000000,0.000000,0.000000,9.30
467,1,0.728516,0.191652,0.728516,0.191652,20,20,171,199,0.000000,0.000000,0.000000,10.77
468,1,0.927734,0.380207,0.927734,0.380207,20,20,164,186,0.000000,0.000000,0.000000,12.24
469,1,0.734375,0.165287,0.734375,0.165287,20,20,177,204,0.000000,0.000000,0.000000,8.22
470,1,0.271484,-0.307779,0.271484,-0.307779,20,20,170,202,0.000000,0.000000,0.000000,10.10
471,1,0.818359,0.353512,0.818359,0.353512,20,20,202,205,0.000000,0.000000,0.000000,7.88
472,1,0.621094,0.209881,0.621094,0.209881,20,20,200,203,0.000000,0.000000,0.000000,10.86
473,1,0.738281,0.215465,0.738281,0.215465,20,20,161,194,0.000000,0.000000,0.000000,10.72
474,1,0.759766,0.237795,0.759766,0.237795,20,20,164,189,0.000000,0.000000,0.000000,10.04
475,1,0.929688,0.518340,0.929688,0.518340,20,20,175,192,0.000000,0.000000,1.515625,12.23
476,1,0.119141,-0.393770,0.119141,-0.393770,20,20,180,206,0.000000,0.000000,0.000000,8.23
477,1,1.396484,0.664180,1.396484,0.664180,20,20,174,210,0.000000,0.000000,0.000000,7.87
478,1,0.804688,0.387422,0.804688,0.387422,20,20,173,206,0.000000,0.000000,0.000000,8.19
479,1,0.845703,0.482104,0.845703,0.482104,20,20,179,203,0.000000,0.000000,0.000000,11.30
480,1,0.673828,0.112240,0.673828,0.112240,20,20,171,204,0.000000,0.000000,0.000000,9.05
481,1,0.775391,0.304777,0.775391,0.304777,20,20,175,207,0.000000,0.000000,0.000000,10.06
482,1,0.572266,0.217488,0.572266,0.217488,20,20,203,205,0.000000,0.000000,0.000000,9.15
483,1,0.308594,-0.180582,0.308594,-0.180582,20,20,173,206,0.000000,0.000000,0.000000,11.58
484,1,0.945312,0.652932,0.945312,0.652932,20,20,184,195,0.000000,0.000000,0.000000,9.61
485,1,0.582031,0.294879,0.582031,0.294879,20,20,202,207,0.000000,0.000000,0.000000,10.23
486,1,0.353516,-0.101434,0.353516,-0.101434,20,20,188,208,0.000000,0.000000,0.000000,7.77
487,1,0.410156,-0.444021,0.410156,-0.444021,20,20,176,211,0.000000,0.000000,0.000000,8.08
488,1,0.654297,-0.026416,0.654297,-0.026416,20,20,179,216,0.000000,0.000000,0.000000,9.18
489,1,0.509766,0.189115,0.509766,0.189115,20,20,175,210,0.000000,0.000000,0.000000,10.16
490,1,0.914062,0.188980,0.914062,0.188980,20,20,198,221,0.000000,0.000000,0.000000,9.83
491,1,0.755859,0.205563,0.755859,0.205563,20,20,186,207,0.000000,0.000000,0.000000,8.54
492,1,0.529297,0.012762,0.529297,0.012762,20,20,185,220,0.000000,0.000000,0.000000,10.58
493,1,0.498047,0.141145,0.498047,0.141145,20,20,191,215,0.000000,0.000000,0.000000,10.17
494,1,0.949219,0.472287,0.949219,0.472287,20,20,197,214,0.000000,0.000000,0.000000,12.61
495,1,0.994141,0.537268,0.994141,0.537268,20,20,182,212,0.000000,0.000000,0.000000,11.15
496,1,0.058594,-0.586955,0.058594,-0.586955,20,20,190,222,0.000000,0.000000,0.000000,10.21
497,1,0.572266,0.215260,0.572266,0.215260,20,20,204,218,0.000000,0.000000,0.000000,10.51
498,1,0.482422,-0.229121,0.482422,-0.229121,20,20,191,222,0.000000,0.000000,0.000000,8.09
499,1,0.380859,-0.099365,0.380859,-0.099365,20,20,185,213,0.000000,0.000000,0.000000,15.51
500,1,0.783203,0.251809,0.783203,0.251809,20,20,185,213,0.000000,0.000000,1.269531,10.88
501,1,0.121094,-0.511336,0.121094,-0.511336,20,20,192,233,0.000000,0.000000,0.000000,10.12
502,1,0.587891,0.187332,0.587891,0.187332,20,20,194,224,0.000000,0.000000,0.000000,10.95
503,1,1.158203,0.454570,1.158203,0.454570,20,20,181,216,0.000000,0.000000,0.000000,10.46
504,1,1.007812,0.530484,1.007812,0.530484,20,20,187,224,0.000000,0.000000,0.000000,10.85
505,1,0.523438,0.134105,0.523438,0.134105,20,20,196,217,0.000000,0.000000,0.000000,9.40
506,1,0.519531,-0.184066,0.519531,-0.184066,20,20,196,217,0.000000,0.000000,0.000000,9.25
507,1,0.765625,0.278186,0.765625,0.278186,20,20,192,229,0.000000,0.000000,0.000000,8.99
508,1,0.539062,0.036754,0.539062,0.036754,20,20,195,224,0.000000,0.000000,0.000000,11.82
509,1,0.628906,0.030238,0.628906,0.030238,20,20,194,229,0.000000,0.000000,0.000000,11.44
510,1,0.583984,0.088908,0.583984,0.088908,20,20,194,233,0.000000,0.000000,0.000000,8.82
511,1,0.265625,-0.029811,0.265625,-0.029811,20,20,189,221,0.000000,0.000000,0.000000,11.23
512,1,0.810547,0.211520,0.810547,0.211520,20,20,197,219,0.000000,0.000000,0.000000,8.54
513,1,1.146484,0.650682,1.146484,0.650682,20,20,194,217,0.000000,0.000000,0.000000,9.68
514,1,0.343750,-0.079762,0.343750,-0.079762,20,20,205,224,0.000000,0.000000,0.000000,9.15
515,1,1.142578,0.769480,1.142578,0.769480,20,20,205,223,0.000000,0.000000,0.000000,10.91
516,1,0.365234,-0.027625,0.365234,-0.027625,20,20,201,235,0.000000,0.000000,0.000000,13.80
517,1,0.250000,-0.374744,0.250000,-0.374744,20,20,198,220,0.000000,0.000000,0.000000,11.54
518,1,0.667969,0.292926,0.667969,0.292926,20,20,198,217,0.000000,0.000000,0.000000,8.95
519,1,0.933594,0.431936,0.933594,0.431936,20,20,201,229,0.000000,0.000000,0.000000,9.56
520,1,0.294922,-0.174002,0.294922,-0.174002,20,20,199,221,0.000000,0.000000,0.000000,10.52
521,1,0.669922,0.323254,0.669922,0.323254,20,20,196,225,0.000000,0.000000,0.000000,12.76
522,1,1.013672,0.559455,1.013672,0.559455,20,20,200,213,0.000000,0.000000,0.000000,12.99
523,1,0.765625,0.260443,0.765625,0.260443,20,20,211,235,0.000000,0.000000,0.000000,12.47
524,1,0.865234,0.387326,0.865234,0.387326,20,20,131,162,0.000000,0.000000,0.000000,9.76
525,1,0.560547,0.147961,0.560547,0.147961,20,20,205,233,0.000000,0.000000,1.207031,11.77
526,1,0.689453,0.234406,0.689453,0.234406,20,20,199,233,0.000000,0.000000,0.000000,12.13
527,1,0.500000,-0.162658,0.500000,-0.162658,20,20,202,225,0.000000,0.000000,0.000000,12.33
528,1,0.601562,0.205609,0.601562,0.205609,20,20,214,236,0.000000,0.000000,0.000000,11.44
529,1,0.843750,0.381385,0.843750,0.381385,20,20,213,238,0.000000,0.000000,0.000000,14.73
530,1,1.275391,0.944365,1.275391,0.944365,20,20,199,233,0.000000,0.000000,0.000000,12.33
531,1,0.585938,0.233775,0.585938,0.233775,20,20,208,239,0.000000,0.000000,0.000000,14.09
532,1,0.324219,-0.107963,0.324219,-0.107963,20,20,202,224,0.000000,0.000000,0.000000,9.20
533,1,0.068359,-0.258549,0.068359,-0.258549,20,20,200,224,0.000000,0.000000,0.000000,13.08
534,1,0.478516,0.051686,0.478516,0.051686,20,20,210,229,0.000000,0.000000,0.000000,11.70
535,1,0.791016,0.349832,0.791016,0.349832,20,20,203,222,0.000000,0.000000,0.000000,11.31
536,1,0.357422,-0.023670,0.357422,-0.023670,20,20,206,223,0.000000,0.000000,0.000000,8.90
537,1,0.789062,0.410420,0.789062,0.410420,20,20,202,236,0.000000,0.000000,0.000000,11.90
538,1,1.142578,0.650953,1.142578,0.650953,20,20,209,238,0.000000,0.000000,0.000000,12.39
539,1,0.791016,0.341262,0.791016,0.341262,20,20,205,230,0.000000,0.000000,0.000000,11.90
540,1,1.476562,1.007711,1.476562,1.007711,20,20,208,238,0.000000,0.000000,0.000000,9.76
541,1,0.320312,-0.053574,0.320312,-0.053574,20,20,205,244,0.000000,0.000000,0.000000,9.74
542,1,0.500000,-0.050014,0.500000,-0.050014,20,20,209,237,0.000000,0.000000,0.000000,10.86
543,1,0.912109,0.452594,0.912109,0.452594,20,20,219,248,0.000000,0.000000,0.000000,10.87
544,1,0.822266,0.466457,0.822266,0.466457,20,20,215,236,0.000000,0.000000,0.000000,11.69
545,1,0.390625,-0.160633,0.390625,-0.160633,20,20,209,233,0.000000,0.000000,0.000000,12.29
546,1,0.265625,-0.192479,0.265625,-0.192479,20,20,215,237,0.000000,0.000000,0.000000,14.06
547,1,1.041016,0.432498,1.041016,0.432498,20,20,207,239,0.000000,0.000000,0.000000,11.38
548,1,1.597656,1.145561,1.597656,1.145561,20,20,225,233,0.000000,0.000000,0.000000,13.13
549,1,0.964844,0.286174,0.964844,0.286174,20,20,200,241,0.000000,0.000000,0.000000,11.98
550,1,0.679688,0.280316,0.679688,0.280316,20,20,205,224,0.000000,0.000000,1.320312,14.96
551,1,0.453125,0.085543,0.453125,0.085543,20,20,225,254,0.000000,0.000000,0.000000,12.48
552,1,0.462891,0.145076,0.462891,0.145076,20,20,236,252,0.000000,0.000000,0.000000,10.03
553,1,1.830078,1.306918,1.830078,1.306918,20,20,227,253,0.000000,0.000000,0.000000,10.15
554,1,0.822266,0.422447,0.822266,0.422447,20,20,229,251,0.000000,0.000000,0.000000,13.59
555,1,0.757812,0.384311,0.757812,0.384311,20,20,218,247,0.000000,0.000000,0.000000,13.85
556,1,0.179688,-0.167996,0.179688,-0.167996,20,20,229,258,0.000000,0.000000,0.000000,10.18
557,1,0.501953,0.201881,0.501953,0.201881,20,20,223,246,0.000000,0.000000,0.000000,13.27
558,1,0.371094,-0.431873,0.371094,-0.431873,20,20,234,257,0.000000,0.000000,0.000000,13.24
559,1,0.855469,0.432232,0.855469,0.432232,20,20,239,255,0.000000,0.000000,0.000000,12.05
560,1,0.673828,0.296943,0.673828,0.296943,20,20,214,252,0.000000,0.000000,0.000000,15.67
561,1,0.482422,0.120676,0.482422,0.120676,20,20,237,256,0.000000,0.000000,0.000000,11.01
562,1,0.847656,0.378994,0.847656,0.378994,20,20,241,258,0.000000,0.000000,0.000000,11.07
563,1,0.914062,0.247879,0.914062,0.247879,20,20,239,263,0.000000,0.000000,0.000000,10.50
564,1,1.515625,1.104990,1.515625,1.104990,20,20,237,258,0.000000,0.000000,0.000000,12.31
565,1,0.466797,-0.246227,0.466797,-0.246227,20,20,202,223,0.000000,0.000000,0.000000,9.98
566,1,0.685547,0.314916,0.685547,0.314916,20,20,237,254,0.000000,0.000000,0.000000,12.77
567,1,1.041016,0.620844,1.041016,0.620844,20,20,228,251,0.000000,0.000000,0.000000,11.95
568,1,0.712891,0.296709,0.712891,0.296709,20,20,228,242,0.000000,0.000000,0.000000,14.21
569,1,0.468750,0.096434,0.468750,0.096434,20,20,243,263,0.000000,0.000000,0.000000,11.88
570,1,0.898438,0.564787,0.898438,0.564787,20,20,134,165,0.000000,0.000000,0.000000,15.35
571,1,0.498047,-0.035705,0.498047,-0.035705,20,20,235,266,0.000000,0.000000,0.000000,10.13
572,1,0.414062,-0.245756,0.414062,-0.245756,20,20,240,266,0.000000,0.000000,0.000000,13.21
573,1,0.869141,0.463199,0.869141,0.463199,20,20,244,265,0.000000,0.000000,0.000000,10.22
574,1,1.230469,0.757139,1.230469,0.757139,20,20,231,260,0.000000,0.000000,0.000000,9.81
575,1,0.503906,0.082725,0.503906,0.082725,20,20,251,273,0.000000,0.000000,1.347656,10.08
576,1,0.398438,-0.013545,0.398438,-0.013545,20,20,244,261,0.000000,0.000000,0.000000,12.88
577,1,0.425781,-0.441047,0.425781,-0.441047,20,20,236,253,0.000000,0.000000,0.000000,11.30
578,1,0.945312,0.543230,0.945312,0.543230,20,20,242,265,0.000000,0.000000,0.000000,17.39
579,1,0.990234,0.517379,0.990234,0.517379,20,20,246,264,0.000000,0.000000,0.000000,17.30
580,1,0.595703,0.109506,0.595703,0.109506,20,20,239,268,0.000000,0.000000,0.000000,16.79
581,1,0.882812,0.583098,0.882812,0.583098,20,20,259,263,0.000000,0.000000,0.000000,14.93
582,1,0.613281,0.004654,0.613281,0.004654,20,20,249,268,0.000000,0.000000,0.000000,16.68
583,1,0.197266,-0.176010,0.197266,-0.176010,20,20,247,265,0.000000,0.000000,0.000000,14.38
584,1,1.097656,0.611443,1.097656,0.611443,20,20,236,255,0.000000,0.000000,0.000000,12.92
585,1,0.806641,0.397463,0.806641,0.397463,20,20,251,267,0.000000,0.000000,0.000000,13.48
586,1,1.240234,0.747057,1.240234,0.747057,20,20,261,270,0.000000,0.000000,0.000000,13.09
587,1,0.439453,0.042092,0.439453,0.042092,20,20,244,271,0.000000,0.000000,0.000000,14.16
588,1,1.335938,0.822422,1.335938,0.822422,20,20,249,263,0.000000,0.000000,0.000000,13.70
589,1,0.806641,0.307264,0.806641,0.307264,20,20,251,270,0.000000,0.000000,0.000000,16.15
590,1,0.949219,0.599604,0.949219,0.599604,20,20,245,267,0.000000,0.000000,0.000000,14.09
591,1,0.890625,0.439117,0.890625,0.439117,20,20,254,265,0.000000,0.000000,0.000000,15.15
592,1,1.076172,0.730307,1.076172,0.730307,20,20,258,271,0.000000,0.000000,0.000000,17.51
593,1,0.742188,0.414365,0.742188,0.414365,20,20,243,280,0.000000,0.000000,0.000000,13.14
594,1,0.492188,0.133807,0.492188,0.133807,20,20,244,270,0.000000,0.000000,0.000000,15.09
595,1,0.468750,0.085305,0.468750,0.085305,20,20,247,270,0.000000,0.000000,0.000000,12.91
596,1,0.240234,-0.285629,0.240234,-0.285629,20,20,249,271,0.000000,0.000000,0.000000,11.56
597,1,0.964844,0.369584,0.964844,0.369584,20,20,226,248,0.000000,0.000000,0.000000,13.28
598,1,0.646484,0.038268,0.646484,0.038268,20,20,253,268,0.000000,0.000000,0.000000,12.05
599,1,0.539062,-0.046381,0.539062,-0.046381,20,20,259,279,0.000000,0.000000,0.000000,12.50
